model,label,predictors,target,reference,mae,B2V_improvement,ci_low,ci_high,n_test
scalar,Current outcome (calibrated),1,wrc_plus,B2V,19.9832891460727,0.9241664799622028,0.584244671188028,1.2591030897967028,1706
scalar,Current outcome (calibrated),1,war_rate,B2V,1.642036344417811,0.0311813777877127,0.0046548285273529,0.058050183691247,1706
representative5,Fixed representative statistics,5,wrc_plus,B2V,19.809983792140493,0.7508611260299958,0.4545689623064324,1.0640901761329429,1706
representative5,Fixed representative statistics,5,war_rate,B2V,1.6174377962191562,0.0065828295890579,-0.0156485233594106,0.0285439911773572,1706
selected5,Training-selected representatives,5,wrc_plus,B2V,19.71413398225384,0.6550113161433408,0.3886490274469817,0.9195450235101472,1706
selected5,Training-selected representatives,5,war_rate,B2V,1.611206689122687,0.0003517224925885,-0.0171901540825214,0.0181594688725163,1706
B2V,B2V,5,wrc_plus,B2V,19.059122666110497,,,,1706
B2V,B2V,5,war_rate,B2V,1.6108549666300982,,,,1706
stats22,All 22 inputs,22,wrc_plus,B2V,18.82211116523305,-0.2370115008774469,-0.4296406552041654,-0.0507586618157452,1706
stats22,All 22 inputs,22,war_rate,B2V,1.5713492809755023,-0.0395056856545958,-0.0609674344848651,-0.0190003321350233,1706
train_PCA5,Per-tool PCA,5,wrc_plus,B2V,18.99647538606225,-0.062647280048246,-0.1497873131793631,0.0004559612809547,1706
train_PCA5,Per-tool PCA,5,war_rate,B2V,1.607448419933659,-0.0034065466964392,-0.0087712139069987,0.0011810943272529,1706
full_PCA5,Unrestricted PCA,5,wrc_plus,B2V,19.110900837720635,0.0517781716101382,-0.0499671914836517,0.1451653636124878,1706
full_PCA5,Unrestricted PCA,5,war_rate,B2V,1.6138290798694377,0.0029741132393392,-0.0037405497472103,0.0092819957969065,1706
history,History-based projection,1,wrc_plus,history+B2V,19.20895519286471,0.371742910370731,0.1746311475632417,0.5652833243350924,1706
history,History-based projection,1,war_rate,history+B2V,1.5890479798554693,0.0167459000893961,0.0021134940332742,0.0314565575295687,1706
history+B2V,Projection + B2V,6,wrc_plus,history+B2V,18.83721228249398,,,,1706
history+B2V,Projection + B2V,6,war_rate,history+B2V,1.5723020797660732,,,,1706
history+representative5,Projection + fixed representatives,6,wrc_plus,history+B2V,19.06850524581737,0.2312929633233906,0.0920786693427049,0.3745704226823803,1706
history+representative5,Projection + fixed representatives,6,war_rate,history+B2V,1.5770999816523883,0.0047979018863151,-0.0059959080155071,0.0150428468199911,1706
history+selected5,Projection + selected representatives,6,wrc_plus,history+B2V,18.598179213108637,-0.2390330693853451,-0.4337394902038795,-0.0565816529022731,1706
history+selected5,Projection + selected representatives,6,war_rate,history+B2V,1.5704908056851987,-0.0018112740808741,-0.0184470120125588,0.0144963245047476,1706
history+stats22,Projection + all 22 inputs,23,wrc_plus,history+B2V,18.55138290130104,-0.2858293811929435,-0.5071977059503533,-0.0688451667659321,1706
history+stats22,Projection + all 22 inputs,23,war_rate,history+B2V,1.545849318967639,-0.0264527607984341,-0.0475822008441651,-0.0057749165888308,1706
