target,window,fold,candidate,baseline,n_test,sign,improvement_mae,ci_low,ci_high,excludes_zero,bootstrap_unit,n_boot,direction,positive_means_candidate_better
war,no2020,2022->23,B2V,scalar,353,baseline better,-0.06234121800980308,-0.11453444677434606,-0.00840781210620199,True,focal player (cluster),2000,baseline MAE minus candidate MAE,True
war,no2020,2022->23,B2V,stats22,353,baseline better,-0.015563860675296137,-0.03666341634634857,0.0047407007579577005,False,focal player (cluster),2000,baseline MAE minus candidate MAE,True
war,no2020,2022->23,B2V,representative5,353,candidate better,0.04578209584104842,-0.0008134705724807011,0.09588890260328634,False,focal player (cluster),2000,baseline MAE minus candidate MAE,True
war,no2020,2022->23,B2V,Offense3,353,candidate better,0.0790705077372773,0.021450522251073186,0.13582652669134815,True,focal player (cluster),2000,baseline MAE minus candidate MAE,True
war,no2020,2022->23,history+B2V,history,353,candidate better,0.013593837779586115,-0.007012170219293512,0.0342478934454275,False,focal player (cluster),2000,baseline MAE minus candidate MAE,True
war,no2020,2022->23,history+B2V,history+stats22,353,candidate better,0.007493172281646476,-0.02608687733434139,0.03982035754137743,False,focal player (cluster),2000,baseline MAE minus candidate MAE,True
war,no2020,2022->23,history+B2V,history+representative5,353,candidate better,0.026352098981924366,0.008256828606375999,0.04405735537698226,True,focal player (cluster),2000,baseline MAE minus candidate MAE,True
war,no2020,2022->23,history+B2V+context,history+stats22+context,353,candidate better,0.024935266541536327,-0.009030049663734456,0.05586422056934409,False,focal player (cluster),2000,baseline MAE minus candidate MAE,True
war,no2020,2022->23,train_PCA5,B2V,353,baseline better,-0.004233455543811493,-0.01141381937918028,0.0018435748398414552,False,focal player (cluster),2000,baseline MAE minus candidate MAE,True
war,no2020,2022->23,DefenseFld,B2V,353,baseline better,-0.006074303553770921,-0.021033089037784454,0.009116208901946312,False,focal player (cluster),2000,baseline MAE minus candidate MAE,True
war,no2020,2022->23,DefenseDef,B2V,353,candidate better,0.008933118445234589,-0.007748939932874971,0.02503214761960873,False,focal player (cluster),2000,baseline MAE minus candidate MAE,True
war,no2020,2022->23,SpeedBsR,B2V,353,baseline better,-3.708135879665342e-05,-0.009658234862520204,0.00858764812243809,False,focal player (cluster),2000,baseline MAE minus candidate MAE,True
war,no2020,2022->23,SpeedNoUBR,B2V,353,baseline better,-0.005608417782869468,-0.012544563424434501,0.0016871630743789754,False,focal player (cluster),2000,baseline MAE minus candidate MAE,True
war,no2020,2022->23,FldBsR,B2V,353,baseline better,-0.0053737315398634244,-0.023071719474073094,0.011553841173212592,False,focal player (cluster),2000,baseline MAE minus candidate MAE,True
war,no2020,2022->23,PerPA,B2V,353,baseline better,-0.02798749092761743,-0.05860392023944959,0.001113217086969266,False,focal player (cluster),2000,baseline MAE minus candidate MAE,True
war,no2020,2023->24,B2V,scalar,358,baseline better,-0.029739362633145916,-0.08270232053501259,0.02220021784819038,False,focal player (cluster),2000,baseline MAE minus candidate MAE,True
war,no2020,2023->24,B2V,stats22,358,baseline better,-0.06947592635894773,-0.11802196855920749,-0.023428350285868454,True,focal player (cluster),2000,baseline MAE minus candidate MAE,True
war,no2020,2023->24,B2V,representative5,358,candidate better,0.010219291012462772,-0.03452626968591735,0.057151436045153256,False,focal player (cluster),2000,baseline MAE minus candidate MAE,True
war,no2020,2023->24,B2V,Offense3,358,candidate better,0.10457579534909756,0.04624723421860471,0.16149176341714955,True,focal player (cluster),2000,baseline MAE minus candidate MAE,True
war,no2020,2023->24,history+B2V,history,358,candidate better,0.012310882108935939,-0.016102496360410622,0.0408643322055714,False,focal player (cluster),2000,baseline MAE minus candidate MAE,True
war,no2020,2023->24,history+B2V,history+stats22,358,baseline better,-0.0244832260879273,-0.056478383658782924,0.003097828580635564,False,focal player (cluster),2000,baseline MAE minus candidate MAE,True
war,no2020,2023->24,history+B2V,history+representative5,358,baseline better,-0.006126148947786181,-0.022930611793601962,0.011790959210352682,False,focal player (cluster),2000,baseline MAE minus candidate MAE,True
war,no2020,2023->24,history+B2V+context,history+stats22+context,358,baseline better,-0.02427362034725089,-0.047679615553636374,-0.0019328487217671675,True,focal player (cluster),2000,baseline MAE minus candidate MAE,True
war,no2020,2023->24,train_PCA5,B2V,358,candidate better,0.0023751547668602324,-0.005086606032517105,0.011166198526571237,False,focal player (cluster),2000,baseline MAE minus candidate MAE,True
war,no2020,2023->24,DefenseFld,B2V,358,baseline better,-0.025801551328229477,-0.039245176753525686,-0.012494999485295418,True,focal player (cluster),2000,baseline MAE minus candidate MAE,True
war,no2020,2023->24,DefenseDef,B2V,358,candidate better,0.013357235755210972,-0.002093665410209311,0.028399845143721868,False,focal player (cluster),2000,baseline MAE minus candidate MAE,True
war,no2020,2023->24,SpeedBsR,B2V,358,baseline better,-0.0028070136704381188,-0.013868364304594627,0.008574712732256495,False,focal player (cluster),2000,baseline MAE minus candidate MAE,True
war,no2020,2023->24,SpeedNoUBR,B2V,358,candidate better,0.002367389551293897,-0.0077259692906160304,0.011908990731303706,False,focal player (cluster),2000,baseline MAE minus candidate MAE,True
war,no2020,2023->24,FldBsR,B2V,358,baseline better,-0.02657891702476678,-0.04282666986826712,-0.01093475179598903,True,focal player (cluster),2000,baseline MAE minus candidate MAE,True
war,no2020,2023->24,PerPA,B2V,358,baseline better,-0.04737383626966385,-0.07861603712437217,-0.018027737683471816,True,focal player (cluster),2000,baseline MAE minus candidate MAE,True
war,no2020,2024->25,B2V,scalar,362,baseline better,-0.058344948659096785,-0.11135710948069551,-0.005005136147955643,True,focal player (cluster),2000,baseline MAE minus candidate MAE,True
war,no2020,2024->25,B2V,stats22,362,baseline better,-0.05897057125359262,-0.11077858004292694,-0.009356531309759606,True,focal player (cluster),2000,baseline MAE minus candidate MAE,True
war,no2020,2024->25,B2V,representative5,362,candidate better,0.006629340279273199,-0.04095384657792892,0.05312263888920821,False,focal player (cluster),2000,baseline MAE minus candidate MAE,True
war,no2020,2024->25,B2V,Offense3,362,candidate better,0.08814847356495159,0.03435008104508207,0.14361923684565167,True,focal player (cluster),2000,baseline MAE minus candidate MAE,True
war,no2020,2024->25,history+B2V,history,362,candidate better,0.020857247844081606,-0.0044704067216354,0.04743846732593472,False,focal player (cluster),2000,baseline MAE minus candidate MAE,True
war,no2020,2024->25,history+B2V,history+stats22,362,baseline better,-0.023666019651757964,-0.06323251585161144,0.013110301769321618,False,focal player (cluster),2000,baseline MAE minus candidate MAE,True
war,no2020,2024->25,history+B2V,history+representative5,362,baseline better,-0.007602568358308526,-0.02425785745897724,0.009671209136752101,False,focal player (cluster),2000,baseline MAE minus candidate MAE,True
war,no2020,2024->25,history+B2V+context,history+stats22+context,362,baseline better,-0.0187026343633232,-0.042012347604313535,0.003767442409990678,False,focal player (cluster),2000,baseline MAE minus candidate MAE,True
war,no2020,2024->25,train_PCA5,B2V,362,candidate better,0.011272445084011817,0.0015286380985695903,0.022601122659999782,True,focal player (cluster),2000,baseline MAE minus candidate MAE,True
war,no2020,2024->25,DefenseFld,B2V,362,baseline better,-0.014247226052461981,-0.028686048164042816,0.00040501837927361847,False,focal player (cluster),2000,baseline MAE minus candidate MAE,True
war,no2020,2024->25,DefenseDef,B2V,362,candidate better,0.010502748805464757,-0.004206714239683024,0.025586109869893136,False,focal player (cluster),2000,baseline MAE minus candidate MAE,True
war,no2020,2024->25,SpeedBsR,B2V,362,candidate better,0.004122759559834321,-0.007110206757962645,0.01540453610278118,False,focal player (cluster),2000,baseline MAE minus candidate MAE,True
war,no2020,2024->25,SpeedNoUBR,B2V,362,candidate better,0.002597080056514489,-0.0057969901943106805,0.011842052975652597,False,focal player (cluster),2000,baseline MAE minus candidate MAE,True
war,no2020,2024->25,FldBsR,B2V,362,baseline better,-0.009436096648549164,-0.026988876079822244,0.008488398152058292,False,focal player (cluster),2000,baseline MAE minus candidate MAE,True
war,no2020,2024->25,PerPA,B2V,362,baseline better,-0.03517953826856757,-0.06447391340393696,-0.007272210979482328,True,focal player (cluster),2000,baseline MAE minus candidate MAE,True
war,no2020,pooled,B2V,scalar,1073,baseline better,-0.050115576136738005,-0.08088453988760806,-0.019016902132778176,True,focal player (cluster),2000,baseline MAE minus candidate MAE,True
war,no2020,pooled,B2V,stats22,1073,baseline better,-0.04819549976578119,-0.0742735100578077,-0.023450312360844563,True,focal player (cluster),2000,baseline MAE minus candidate MAE,True
war,no2020,pooled,B2V,representative5,1073,candidate better,0.020707742027445297,-0.007355392928064691,0.05110971209417153,False,focal player (cluster),2000,baseline MAE minus candidate MAE,True
war,no2020,pooled,B2V,Offense3,1073,candidate better,0.09064284379939269,0.05411661277617384,0.12770686079343047,True,focal player (cluster),2000,baseline MAE minus candidate MAE,True
war,no2020,pooled,history+B2V,history,1073,candidate better,0.01561625745643136,0.00048728455282733284,0.02989128898675433,True,focal player (cluster),2000,baseline MAE minus candidate MAE,True
war,no2020,pooled,history+B2V,history+stats22,1073,baseline better,-0.013687795189182506,-0.034458728016352184,0.006799514868445689,False,focal player (cluster),2000,baseline MAE minus candidate MAE,True
war,no2020,pooled,history+B2V,history+representative5,1073,candidate better,0.004060577699537937,-0.005732995249076828,0.014164829121387938,False,focal player (cluster),2000,baseline MAE minus candidate MAE,True
war,no2020,pooled,history+B2V+context,history+stats22+context,1073,baseline better,-0.00620518232495515,-0.021697096279133576,0.008958460915555496,False,focal player (cluster),2000,baseline MAE minus candidate MAE,True
war,no2020,pooled,train_PCA5,B2V,1073,candidate better,0.0032027220130312894,-0.0021161798110456544,0.008825252864581875,False,focal player (cluster),2000,baseline MAE minus candidate MAE,True
war,no2020,pooled,DefenseFld,B2V,1073,baseline better,-0.015413495210604422,-0.02494664309457569,-0.006487391862992615,True,focal player (cluster),2000,baseline MAE minus candidate MAE,True
war,no2020,pooled,DefenseDef,B2V,1073,candidate better,0.010938747697214923,0.000947198603747518,0.02105602514887957,True,focal player (cluster),2000,baseline MAE minus candidate MAE,True
war,no2020,pooled,SpeedBsR,B2V,1073,candidate better,0.000442160621610288,-0.005971528944379445,0.006488308368872951,False,focal player (cluster),2000,baseline MAE minus candidate MAE,True
war,no2020,pooled,SpeedNoUBR,B2V,1073,baseline better,-0.00017903358577031625,-0.005303568695096744,0.004970800164891903,False,focal player (cluster),2000,baseline MAE minus candidate MAE,True
war,no2020,pooled,FldBsR,B2V,1073,baseline better,-0.013819241859471587,-0.024730505591843498,-0.003659072889635806,True,focal player (cluster),2000,baseline MAE minus candidate MAE,True
war,no2020,pooled,PerPA,B2V,1073,baseline better,-0.036882022865992736,-0.056149775359874275,-0.018997248660951784,True,focal player (cluster),2000,baseline MAE minus candidate MAE,True
war_rate,all,2020->21,B2V,scalar,279,candidate better,0.010598982727569428,-0.06081214582350444,0.0849898266109691,False,focal player (cluster),2000,baseline MAE minus candidate MAE,True
war_rate,all,2020->21,B2V,stats22,279,baseline better,-0.0016236099247430857,-0.02362165870593528,0.020348502074284597,False,focal player (cluster),2000,baseline MAE minus candidate MAE,True
war_rate,all,2020->21,B2V,representative5,279,candidate better,0.0041566964737651535,-0.033033691527968166,0.040328988003295596,False,focal player (cluster),2000,baseline MAE minus candidate MAE,True
war_rate,all,2020->21,B2V,Offense3,279,candidate better,0.10426127395566187,0.05170363732986044,0.15891925641115123,True,focal player (cluster),2000,baseline MAE minus candidate MAE,True
war_rate,all,2020->21,history+B2V,history,279,candidate better,0.013286176954600881,-0.020504539981699765,0.04613264079501765,False,focal player (cluster),2000,baseline MAE minus candidate MAE,True
war_rate,all,2020->21,history+B2V,history+stats22,279,candidate better,0.009786650490931637,-0.02172970369428868,0.04328311462500894,False,focal player (cluster),2000,baseline MAE minus candidate MAE,True
war_rate,all,2020->21,history+B2V,history+representative5,279,candidate better,0.02221183891959022,-0.003163641102292075,0.04726522695542509,False,focal player (cluster),2000,baseline MAE minus candidate MAE,True
war_rate,all,2020->21,history+B2V+context,history+stats22+context,279,candidate better,0.010392540154388286,-0.013334372908142893,0.03399029640313673,False,focal player (cluster),2000,baseline MAE minus candidate MAE,True
war_rate,all,2020->21,train_PCA5,B2V,279,candidate better,0.0075375863565139145,0.0021477364757188644,0.01314541591683127,True,focal player (cluster),2000,baseline MAE minus candidate MAE,True
war_rate,all,2020->21,DefenseFld,B2V,279,baseline better,-0.028374435057886505,-0.04757503037597625,-0.009294033600503949,True,focal player (cluster),2000,baseline MAE minus candidate MAE,True
war_rate,all,2020->21,DefenseDef,B2V,279,candidate better,0.033520217502377214,0.0076641915835731714,0.06021450141851542,True,focal player (cluster),2000,baseline MAE minus candidate MAE,True
war_rate,all,2020->21,SpeedBsR,B2V,279,candidate better,0.0138903720123833,-0.004121308973926724,0.03205464173179042,False,focal player (cluster),2000,baseline MAE minus candidate MAE,True
war_rate,all,2020->21,SpeedNoUBR,B2V,279,baseline better,-0.0016636054334537853,-0.009643105158548836,0.006309177560910154,False,focal player (cluster),2000,baseline MAE minus candidate MAE,True
war_rate,all,2020->21,FldBsR,B2V,279,baseline better,-0.02121927959264025,-0.042884368152007905,0.0001245944977137306,False,focal player (cluster),2000,baseline MAE minus candidate MAE,True
war_rate,all,2020->21,PerPA,B2V,279,baseline better,-0.014407992037404505,-0.04086468548425013,0.011500263872053587,False,focal player (cluster),2000,baseline MAE minus candidate MAE,True
war_rate,all,2021->22,B2V,scalar,354,candidate better,0.013587880308777667,-0.03988322694159735,0.0710664976544645,False,focal player (cluster),2000,baseline MAE minus candidate MAE,True
war_rate,all,2021->22,B2V,stats22,354,baseline better,-0.021029688620345377,-0.06622139034442066,0.023600346932747276,False,focal player (cluster),2000,baseline MAE minus candidate MAE,True
war_rate,all,2021->22,B2V,representative5,354,candidate better,0.04243470106949765,-0.0030197497835502954,0.08801914488489081,False,focal player (cluster),2000,baseline MAE minus candidate MAE,True
war_rate,all,2021->22,B2V,Offense3,354,candidate better,0.13646277116593497,0.06200637567605248,0.21418948795136075,True,focal player (cluster),2000,baseline MAE minus candidate MAE,True
war_rate,all,2021->22,history+B2V,history,354,candidate better,0.006404555062105466,-0.025698653476766375,0.03919545730027134,False,focal player (cluster),2000,baseline MAE minus candidate MAE,True
war_rate,all,2021->22,history+B2V,history+stats22,354,baseline better,-0.012797985569857007,-0.055150124079581635,0.02893537301417014,False,focal player (cluster),2000,baseline MAE minus candidate MAE,True
war_rate,all,2021->22,history+B2V,history+representative5,354,candidate better,0.002234573817662122,-0.02124163227499673,0.02533638947134838,False,focal player (cluster),2000,baseline MAE minus candidate MAE,True
war_rate,all,2021->22,history+B2V+context,history+stats22+context,354,baseline better,-0.014297069131814721,-0.056485435172116495,0.026745185530609485,False,focal player (cluster),2000,baseline MAE minus candidate MAE,True
war_rate,all,2021->22,train_PCA5,B2V,354,baseline better,-0.006188373129899949,-0.014547642927700315,0.0020209315519330866,False,focal player (cluster),2000,baseline MAE minus candidate MAE,True
war_rate,all,2021->22,DefenseFld,B2V,354,baseline better,-0.04477472324211185,-0.07206743039336887,-0.019014400125567044,True,focal player (cluster),2000,baseline MAE minus candidate MAE,True
war_rate,all,2021->22,DefenseDef,B2V,354,candidate better,0.02076350315301667,-0.001578159634064896,0.0446122752370149,False,focal player (cluster),2000,baseline MAE minus candidate MAE,True
war_rate,all,2021->22,SpeedBsR,B2V,354,candidate better,0.0051988073770834475,-0.004683305863874293,0.014717616841315985,False,focal player (cluster),2000,baseline MAE minus candidate MAE,True
war_rate,all,2021->22,SpeedNoUBR,B2V,354,baseline better,-0.005799448970813081,-0.013295814246881244,0.0018973784997546265,False,focal player (cluster),2000,baseline MAE minus candidate MAE,True
war_rate,all,2021->22,FldBsR,B2V,354,baseline better,-0.03782080588839021,-0.06441087408315235,-0.012792291703822258,True,focal player (cluster),2000,baseline MAE minus candidate MAE,True
war_rate,all,2021->22,PerPA,B2V,354,baseline better,-0.042014201399454,-0.07969761162137814,-0.004718476439976633,True,focal player (cluster),2000,baseline MAE minus candidate MAE,True
war_rate,all,2022->23,B2V,scalar,353,candidate better,0.049031806256835786,-0.001986128150445637,0.10224757882734421,False,focal player (cluster),2000,baseline MAE minus candidate MAE,True
war_rate,all,2022->23,B2V,stats22,353,baseline better,-0.045633061089483506,-0.09336521863328988,0.0033317984958772476,False,focal player (cluster),2000,baseline MAE minus candidate MAE,True
war_rate,all,2022->23,B2V,representative5,353,candidate better,0.018226563014762,-0.028401750228546442,0.06782788287273098,False,focal player (cluster),2000,baseline MAE minus candidate MAE,True
war_rate,all,2022->23,B2V,Offense3,353,candidate better,0.11359140630851239,0.041382851531156395,0.18480953739215283,True,focal player (cluster),2000,baseline MAE minus candidate MAE,True
war_rate,all,2022->23,history+B2V,history,353,candidate better,0.013361224529595317,-0.013681046684281477,0.04022013506578005,False,focal player (cluster),2000,baseline MAE minus candidate MAE,True
war_rate,all,2022->23,history+B2V,history+stats22,353,baseline better,-0.042847835977050774,-0.08939431061063483,0.004452351188659296,False,focal player (cluster),2000,baseline MAE minus candidate MAE,True
war_rate,all,2022->23,history+B2V,history+representative5,353,candidate better,0.0188584053397709,-0.00023569069187732135,0.038282357471224875,False,focal player (cluster),2000,baseline MAE minus candidate MAE,True
war_rate,all,2022->23,history+B2V+context,history+stats22+context,353,baseline better,-0.010625506104781968,-0.05423032239271387,0.031240913591666943,False,focal player (cluster),2000,baseline MAE minus candidate MAE,True
war_rate,all,2022->23,train_PCA5,B2V,353,candidate better,0.0015139103992087843,-0.009235727395824478,0.01200390534169283,False,focal player (cluster),2000,baseline MAE minus candidate MAE,True
war_rate,all,2022->23,DefenseFld,B2V,353,baseline better,-0.014412526960278615,-0.0357592961560712,0.008156636048163076,False,focal player (cluster),2000,baseline MAE minus candidate MAE,True
war_rate,all,2022->23,DefenseDef,B2V,353,candidate better,0.004081292981223061,-0.020411414985371957,0.028018213698092088,False,focal player (cluster),2000,baseline MAE minus candidate MAE,True
war_rate,all,2022->23,SpeedBsR,B2V,353,baseline better,-0.0006237211009074706,-0.010494909006630448,0.00942578786062897,False,focal player (cluster),2000,baseline MAE minus candidate MAE,True
war_rate,all,2022->23,SpeedNoUBR,B2V,353,baseline better,-0.004950339013383598,-0.012537366923991594,0.0022561616124220367,False,focal player (cluster),2000,baseline MAE minus candidate MAE,True
war_rate,all,2022->23,FldBsR,B2V,353,baseline better,-0.015248554534228909,-0.03872704520542085,0.009774706242162068,False,focal player (cluster),2000,baseline MAE minus candidate MAE,True
war_rate,all,2022->23,PerPA,B2V,353,baseline better,-0.03981188395712065,-0.0776856887070244,-0.0034837577855581156,True,focal player (cluster),2000,baseline MAE minus candidate MAE,True
war_rate,all,2023->24,B2V,scalar,358,candidate better,0.06623169000284168,0.009643243696252413,0.12320623601034991,True,focal player (cluster),2000,baseline MAE minus candidate MAE,True
war_rate,all,2023->24,B2V,stats22,358,baseline better,-0.07059887763011119,-0.12308941258962851,-0.023152842622171526,True,focal player (cluster),2000,baseline MAE minus candidate MAE,True
war_rate,all,2023->24,B2V,representative5,358,baseline better,-0.017484294176562942,-0.064501896244622,0.029717006631301085,False,focal player (cluster),2000,baseline MAE minus candidate MAE,True
war_rate,all,2023->24,B2V,Offense3,358,candidate better,0.1479230097294122,0.07727754715491687,0.21911314775161922,True,focal player (cluster),2000,baseline MAE minus candidate MAE,True
war_rate,all,2023->24,history+B2V,history,358,candidate better,0.028460647298363062,-0.007099023786645242,0.061228213459058316,False,focal player (cluster),2000,baseline MAE minus candidate MAE,True
war_rate,all,2023->24,history+B2V,history+stats22,358,baseline better,-0.04636824924590166,-0.09746354063226467,0.0034532476775057212,False,focal player (cluster),2000,baseline MAE minus candidate MAE,True
war_rate,all,2023->24,history+B2V,history+representative5,358,baseline better,-0.001578579450599582,-0.023809824619397974,0.020974964264452594,False,focal player (cluster),2000,baseline MAE minus candidate MAE,True
war_rate,all,2023->24,history+B2V+context,history+stats22+context,358,baseline better,-0.05020663172750228,-0.09103117895647413,-0.010873326362501335,True,focal player (cluster),2000,baseline MAE minus candidate MAE,True
war_rate,all,2023->24,train_PCA5,B2V,358,candidate better,0.0016197213732622728,-0.004974512050228796,0.009357082918983503,False,focal player (cluster),2000,baseline MAE minus candidate MAE,True
war_rate,all,2023->24,DefenseFld,B2V,358,baseline better,-0.04481549321404055,-0.06612355705908882,-0.02347232268328962,True,focal player (cluster),2000,baseline MAE minus candidate MAE,True
war_rate,all,2023->24,DefenseDef,B2V,358,candidate better,0.02803706887242141,0.005991918251742107,0.0504892659242242,True,focal player (cluster),2000,baseline MAE minus candidate MAE,True
war_rate,all,2023->24,SpeedBsR,B2V,358,baseline better,-0.0010412035384048668,-0.010582895115111974,0.008727438241452716,False,focal player (cluster),2000,baseline MAE minus candidate MAE,True
war_rate,all,2023->24,SpeedNoUBR,B2V,358,candidate better,0.0014586135002261358,-0.00783739606515479,0.010635909345028068,False,focal player (cluster),2000,baseline MAE minus candidate MAE,True
war_rate,all,2023->24,FldBsR,B2V,358,baseline better,-0.044380940276163905,-0.06626461072930283,-0.022418485948426364,True,focal player (cluster),2000,baseline MAE minus candidate MAE,True
war_rate,all,2023->24,PerPA,B2V,358,baseline better,-0.061170854227304616,-0.10092119040288733,-0.023920834338856313,True,focal player (cluster),2000,baseline MAE minus candidate MAE,True
war_rate,all,2024->25,B2V,scalar,362,candidate better,0.012179646590770199,-0.045497474719100935,0.067785647903749,False,focal player (cluster),2000,baseline MAE minus candidate MAE,True
war_rate,all,2024->25,B2V,stats22,362,baseline better,-0.05004512162974417,-0.10315561209889264,-0.0008925320991793525,True,focal player (cluster),2000,baseline MAE minus candidate MAE,True
war_rate,all,2024->25,B2V,representative5,362,baseline better,-0.014159929958152073,-0.06370790621064457,0.03419772675548989,False,focal player (cluster),2000,baseline MAE minus candidate MAE,True
war_rate,all,2024->25,B2V,Offense3,362,candidate better,0.097843996554974,0.03474973937613262,0.16221472067542525,True,focal player (cluster),2000,baseline MAE minus candidate MAE,True
war_rate,all,2024->25,history+B2V,history,362,candidate better,0.021240402481851106,-0.013068671075835403,0.055312848814566926,False,focal player (cluster),2000,baseline MAE minus candidate MAE,True
war_rate,all,2024->25,history+B2V,history+stats22,362,baseline better,-0.03205325742385967,-0.08449270413239263,0.01651266798375649,False,focal player (cluster),2000,baseline MAE minus candidate MAE,True
war_rate,all,2024->25,history+B2V,history+representative5,362,baseline better,-0.01352156688836792,-0.03671086030264517,0.01008353928867794,False,focal player (cluster),2000,baseline MAE minus candidate MAE,True
war_rate,all,2024->25,history+B2V+context,history+stats22+context,362,baseline better,-0.03351249820952473,-0.07556195891685738,0.005455048266654851,False,focal player (cluster),2000,baseline MAE minus candidate MAE,True
war_rate,all,2024->25,train_PCA5,B2V,362,candidate better,0.01321821971296644,0.0037196197977523273,0.02479973508428961,True,focal player (cluster),2000,baseline MAE minus candidate MAE,True
war_rate,all,2024->25,DefenseFld,B2V,362,baseline better,-0.021331458518231594,-0.04124166939794774,-0.0008895526637614072,True,focal player (cluster),2000,baseline MAE minus candidate MAE,True
war_rate,all,2024->25,DefenseDef,B2V,362,candidate better,0.011826799536599264,-0.01003085141469191,0.03348151155191111,False,focal player (cluster),2000,baseline MAE minus candidate MAE,True
war_rate,all,2024->25,SpeedBsR,B2V,362,candidate better,0.002562421182583652,-0.007995375231212465,0.013189236380095016,False,focal player (cluster),2000,baseline MAE minus candidate MAE,True
war_rate,all,2024->25,SpeedNoUBR,B2V,362,candidate better,0.002816562625393315,-0.005709799031105867,0.011467757152600684,False,focal player (cluster),2000,baseline MAE minus candidate MAE,True
war_rate,all,2024->25,FldBsR,B2V,362,baseline better,-0.01782639682990972,-0.04110842897151479,0.0048934657584151385,False,focal player (cluster),2000,baseline MAE minus candidate MAE,True
war_rate,all,2024->25,PerPA,B2V,362,baseline better,-0.02491429631434583,-0.06014161187618461,0.009848802132865743,False,focal player (cluster),2000,baseline MAE minus candidate MAE,True
war_rate,all,pooled,B2V,scalar,1706,candidate better,0.031181377787712794,0.004654828527352911,0.05805018369124701,True,focal player (cluster),2000,baseline MAE minus candidate MAE,True
war_rate,all,pooled,B2V,stats22,1706,baseline better,-0.03950568565459589,-0.060967434484865184,-0.01900033213502336,True,focal player (cluster),2000,baseline MAE minus candidate MAE,True
war_rate,all,pooled,B2V,representative5,1706,candidate better,0.006582829589057981,-0.01564852335941066,0.028543991177357248,False,focal player (cluster),2000,baseline MAE minus candidate MAE,True
war_rate,all,pooled,B2V,Offense3,1706,candidate better,0.12067435351072997,0.08623874733678072,0.15451551599282196,True,focal player (cluster),2000,baseline MAE minus candidate MAE,True
war_rate,all,pooled,history+B2V,history,1706,candidate better,0.016745900089396137,0.0021134940332742883,0.03145655752956878,True,focal player (cluster),2000,baseline MAE minus candidate MAE,True
war_rate,all,pooled,history+B2V,history+stats22,1706,baseline better,-0.02645276079843417,-0.047582200844165104,-0.0057749165888308085,True,focal player (cluster),2000,baseline MAE minus candidate MAE,True
war_rate,all,pooled,history+B2V,history+representative5,1706,candidate better,0.004797901886315126,-0.005995908015507178,0.015042846819991134,False,focal player (cluster),2000,baseline MAE minus candidate MAE,True
war_rate,all,pooled,history+B2V+context,history+stats22+context,1706,baseline better,-0.02111251227131894,-0.04012554671835974,-0.0033663125672734845,True,focal player (cluster),2000,baseline MAE minus candidate MAE,True
war_rate,all,pooled,train_PCA5,B2V,1706,candidate better,0.00340654669643925,-0.0011810943272529129,0.008771213906998797,False,focal player (cluster),2000,baseline MAE minus candidate MAE,True
war_rate,all,pooled,DefenseFld,B2V,1706,baseline better,-0.030844241488899637,-0.04262324271567716,-0.019945194220391142,True,focal player (cluster),2000,baseline MAE minus candidate MAE,True
war_rate,all,pooled,DefenseDef,B2V,1706,candidate better,0.01902795387472378,0.008948545484862253,0.029973821073286926,True,focal player (cluster),2000,baseline MAE minus candidate MAE,True
war_rate,all,pooled,SpeedBsR,B2V,1706,candidate better,0.0035465789306381446,-0.001535165875929728,0.008948348580429465,False,focal player (cluster),2000,baseline MAE minus candidate MAE,True
war_rate,all,pooled,SpeedNoUBR,B2V,1706,baseline better,-0.0015960382296904552,-0.005250118913169982,0.002410173032145944,False,focal player (cluster),2000,baseline MAE minus candidate MAE,True
war_rate,all,pooled,FldBsR,B2V,1706,baseline better,-0.027569177205576167,-0.038584753144022946,-0.01641234087026937,True,focal player (cluster),2000,baseline MAE minus candidate MAE,True
war_rate,all,pooled,PerPA,B2V,1706,baseline better,-0.037435283229703575,-0.0549357341271273,-0.019948338093183082,True,focal player (cluster),2000,baseline MAE minus candidate MAE,True
war_rate,no2020,2022->23,B2V,scalar,353,candidate better,0.03855493594033099,-0.013824451195680343,0.09120511975890226,False,focal player (cluster),2000,baseline MAE minus candidate MAE,True
war_rate,no2020,2022->23,B2V,stats22,353,baseline better,-0.011961924072857011,-0.04632292527884098,0.02201980937398915,False,focal player (cluster),2000,baseline MAE minus candidate MAE,True
war_rate,no2020,2022->23,B2V,representative5,353,candidate better,0.010667755540823665,-0.0387934157658654,0.05971575657109771,False,focal player (cluster),2000,baseline MAE minus candidate MAE,True
war_rate,no2020,2022->23,B2V,Offense3,353,candidate better,0.11256711710601364,0.04234556130848801,0.18149173276714042,True,focal player (cluster),2000,baseline MAE minus candidate MAE,True
war_rate,no2020,2022->23,history+B2V,history,353,baseline better,-0.00122419854284872,-0.025336546086600305,0.021816511162076703,False,focal player (cluster),2000,baseline MAE minus candidate MAE,True
war_rate,no2020,2022->23,history+B2V,history+stats22,353,baseline better,-0.009330843675307676,-0.046084886767328255,0.02754962721995929,False,focal player (cluster),2000,baseline MAE minus candidate MAE,True
war_rate,no2020,2022->23,history+B2V,history+representative5,353,candidate better,0.035966158893714795,0.013055106858729187,0.05695563395759474,True,focal player (cluster),2000,baseline MAE minus candidate MAE,True
war_rate,no2020,2022->23,history+B2V+context,history+stats22+context,353,candidate better,0.035123478850391354,-0.002507876881190052,0.0717639480738103,False,focal player (cluster),2000,baseline MAE minus candidate MAE,True
war_rate,no2020,2022->23,train_PCA5,B2V,353,candidate better,0.0005268167892080733,-0.010166536976795888,0.010492851348935016,False,focal player (cluster),2000,baseline MAE minus candidate MAE,True
war_rate,no2020,2022->23,DefenseFld,B2V,353,baseline better,-0.01420339575316043,-0.03665503051862822,0.008609282161183902,False,focal player (cluster),2000,baseline MAE minus candidate MAE,True
war_rate,no2020,2022->23,DefenseDef,B2V,353,candidate better,0.010087971293884168,-0.01399340588738716,0.033552026577906166,False,focal player (cluster),2000,baseline MAE minus candidate MAE,True
war_rate,no2020,2022->23,SpeedBsR,B2V,353,candidate better,0.0024679578450386153,-0.00880954919459227,0.013690349718197487,False,focal player (cluster),2000,baseline MAE minus candidate MAE,True
war_rate,no2020,2022->23,SpeedNoUBR,B2V,353,baseline better,-0.007148505870067323,-0.014329658072955548,-0.00034779860393490666,True,focal player (cluster),2000,baseline MAE minus candidate MAE,True
war_rate,no2020,2022->23,FldBsR,B2V,353,baseline better,-0.015460557115027251,-0.04025336335048376,0.008382353157574183,False,focal player (cluster),2000,baseline MAE minus candidate MAE,True
war_rate,no2020,2022->23,PerPA,B2V,353,baseline better,-0.036982504312218945,-0.0758470404643849,0.0012390970366870336,False,focal player (cluster),2000,baseline MAE minus candidate MAE,True
war_rate,no2020,2023->24,B2V,scalar,358,candidate better,0.06402321015390378,0.006697530053945866,0.12233103419531693,True,focal player (cluster),2000,baseline MAE minus candidate MAE,True
war_rate,no2020,2023->24,B2V,stats22,358,baseline better,-0.04778867761255601,-0.09254333284005406,-0.007126695888488212,True,focal player (cluster),2000,baseline MAE minus candidate MAE,True
war_rate,no2020,2023->24,B2V,representative5,358,baseline better,-0.01868717766895922,-0.06611733295205649,0.026735033183361814,False,focal player (cluster),2000,baseline MAE minus candidate MAE,True
war_rate,no2020,2023->24,B2V,Offense3,358,candidate better,0.1389768710757069,0.06947579960194855,0.21088548640062227,True,focal player (cluster),2000,baseline MAE minus candidate MAE,True
war_rate,no2020,2023->24,history+B2V,history,358,candidate better,0.025282579944250427,-0.010659335417199267,0.060484830405277815,False,focal player (cluster),2000,baseline MAE minus candidate MAE,True
war_rate,no2020,2023->24,history+B2V,history+stats22,358,baseline better,-0.026107276085644004,-0.06311235265419753,0.00895625681179917,False,focal player (cluster),2000,baseline MAE minus candidate MAE,True
war_rate,no2020,2023->24,history+B2V,history+representative5,358,baseline better,-0.003518114326740651,-0.02659718378095418,0.019547136839477747,False,focal player (cluster),2000,baseline MAE minus candidate MAE,True
war_rate,no2020,2023->24,history+B2V+context,history+stats22+context,358,baseline better,-0.029482696385525475,-0.05834000225129286,-0.0010462608185031201,True,focal player (cluster),2000,baseline MAE minus candidate MAE,True
war_rate,no2020,2023->24,train_PCA5,B2V,358,candidate better,0.002150602904115173,-0.005123655735767646,0.009629034261861786,False,focal player (cluster),2000,baseline MAE minus candidate MAE,True
war_rate,no2020,2023->24,DefenseFld,B2V,358,baseline better,-0.0343057017485171,-0.05554628641681172,-0.013360397140484688,True,focal player (cluster),2000,baseline MAE minus candidate MAE,True
war_rate,no2020,2023->24,DefenseDef,B2V,358,candidate better,0.02474429737066952,0.0036524622138114477,0.046045387308669555,True,focal player (cluster),2000,baseline MAE minus candidate MAE,True
war_rate,no2020,2023->24,SpeedBsR,B2V,358,baseline better,-0.006166004064288577,-0.01809423418803214,0.006045977452512317,False,focal player (cluster),2000,baseline MAE minus candidate MAE,True
war_rate,no2020,2023->24,SpeedNoUBR,B2V,358,candidate better,0.008902940323835429,-0.0026919661398803084,0.020048937750822747,False,focal player (cluster),2000,baseline MAE minus candidate MAE,True
war_rate,no2020,2023->24,FldBsR,B2V,358,baseline better,-0.03878859922427624,-0.06078648472479963,-0.017418194304382434,True,focal player (cluster),2000,baseline MAE minus candidate MAE,True
war_rate,no2020,2023->24,PerPA,B2V,358,baseline better,-0.048310413115163264,-0.08753744045358398,-0.010920500865262209,True,focal player (cluster),2000,baseline MAE minus candidate MAE,True
war_rate,no2020,2024->25,B2V,scalar,362,candidate better,0.01780568371205815,-0.03836277959018961,0.07410702058827273,False,focal player (cluster),2000,baseline MAE minus candidate MAE,True
war_rate,no2020,2024->25,B2V,stats22,362,baseline better,-0.0332570016376772,-0.09179093152942555,0.019255565522888683,False,focal player (cluster),2000,baseline MAE minus candidate MAE,True
war_rate,no2020,2024->25,B2V,representative5,362,baseline better,-0.007418701228527391,-0.05592883886245994,0.039068881994945404,False,focal player (cluster),2000,baseline MAE minus candidate MAE,True
war_rate,no2020,2024->25,B2V,Offense3,362,candidate better,0.10204749927699819,0.03890543729592644,0.1675512207329878,True,focal player (cluster),2000,baseline MAE minus candidate MAE,True
war_rate,no2020,2024->25,history+B2V,history,362,candidate better,0.02449833533449919,-0.011679471651991596,0.06161265032030467,False,focal player (cluster),2000,baseline MAE minus candidate MAE,True
war_rate,no2020,2024->25,history+B2V,history+stats22,362,baseline better,-0.023766972758722638,-0.07845786663287459,0.02728324862763113,False,focal player (cluster),2000,baseline MAE minus candidate MAE,True
war_rate,no2020,2024->25,history+B2V,history+representative5,362,baseline better,-0.014081198675135465,-0.03790706184539947,0.009572995069770916,False,focal player (cluster),2000,baseline MAE minus candidate MAE,True
war_rate,no2020,2024->25,history+B2V+context,history+stats22+context,362,baseline better,-0.027426254642512804,-0.0576419966016983,0.0005865502448219178,False,focal player (cluster),2000,baseline MAE minus candidate MAE,True
war_rate,no2020,2024->25,train_PCA5,B2V,362,candidate better,0.014807611955560906,0.004485509454142439,0.027561940009577585,True,focal player (cluster),2000,baseline MAE minus candidate MAE,True
war_rate,no2020,2024->25,DefenseFld,B2V,362,baseline better,-0.022500196542304618,-0.04113747711880692,-0.003016398050071888,True,focal player (cluster),2000,baseline MAE minus candidate MAE,True
war_rate,no2020,2024->25,DefenseDef,B2V,362,candidate better,0.009648705295138171,-0.011287458515680365,0.030539865481354598,False,focal player (cluster),2000,baseline MAE minus candidate MAE,True
war_rate,no2020,2024->25,SpeedBsR,B2V,362,candidate better,0.0016712555608837665,-0.010406988816474321,0.014013563619278548,False,focal player (cluster),2000,baseline MAE minus candidate MAE,True
war_rate,no2020,2024->25,SpeedNoUBR,B2V,362,candidate better,0.0013056345209105924,-0.007976055947475812,0.011246186580314179,False,focal player (cluster),2000,baseline MAE minus candidate MAE,True
war_rate,no2020,2024->25,FldBsR,B2V,362,baseline better,-0.018952680637977837,-0.042033543384441846,0.003274405211268316,False,focal player (cluster),2000,baseline MAE minus candidate MAE,True
war_rate,no2020,2024->25,PerPA,B2V,362,baseline better,-0.030034503281464398,-0.06457462032290072,0.0024232617849283137,False,focal player (cluster),2000,baseline MAE minus candidate MAE,True
war_rate,no2020,pooled,B2V,scalar,1073,candidate better,0.040052058831126836,0.008234502238500285,0.07111993333095881,True,focal player (cluster),2000,baseline MAE minus candidate MAE,True
war_rate,no2020,pooled,B2V,stats22,1073,baseline better,-0.031099664842360486,-0.05895721898187044,-0.00520237529309777,True,focal player (cluster),2000,baseline MAE minus candidate MAE,True
war_rate,no2020,pooled,B2V,representative5,1073,baseline better,-0.005228202930385395,-0.0322962785978057,0.02286802384325109,False,focal player (cluster),2000,baseline MAE minus candidate MAE,True
war_rate,no2020,pooled,B2V,Offense3,1073,candidate better,0.11782954978732452,0.07327479097684383,0.1596190505447375,True,focal player (cluster),2000,baseline MAE minus candidate MAE,True
war_rate,no2020,pooled,history+B2V,history,1073,candidate better,0.016297687721812393,-0.0025433260572159944,0.035634039020969906,False,focal player (cluster),2000,baseline MAE minus candidate MAE,True
war_rate,no2020,pooled,history+B2V,history+stats22,1073,baseline better,-0.01979854314510887,-0.0474192841540191,0.0048791288173413334,False,focal player (cluster),2000,baseline MAE minus candidate MAE,True
war_rate,no2020,pooled,history+B2V,history+representative5,1073,candidate better,0.005907898639430531,-0.00630660295870053,0.019140347988773555,False,focal player (cluster),2000,baseline MAE minus candidate MAE,True
war_rate,no2020,pooled,history+B2V+context,history+stats22+context,1073,baseline better,-0.007534502751555872,-0.0272973193033904,0.012208223046825355,False,focal player (cluster),2000,baseline MAE minus candidate MAE,True
war_rate,no2020,pooled,train_PCA5,B2V,1073,candidate better,0.005886521616194518,-0.0007760501311453282,0.013834692823758252,False,focal player (cluster),2000,baseline MAE minus candidate MAE,True
war_rate,no2020,pooled,DefenseFld,B2V,1073,baseline better,-0.023709516379449402,-0.03697030604197757,-0.010385529831966363,True,focal player (cluster),2000,baseline MAE minus candidate MAE,True
war_rate,no2020,pooled,DefenseDef,B2V,1073,candidate better,0.014829770402871256,0.0024091551100300147,0.028196615734434317,True,focal player (cluster),2000,baseline MAE minus candidate MAE,True
war_rate,no2020,pooled,SpeedBsR,B2V,1073,baseline better,-0.0006814965728578759,-0.007891674958938949,0.006197014942568601,False,focal player (cluster),2000,baseline MAE minus candidate MAE,True
war_rate,no2020,pooled,SpeedNoUBR,B2V,1073,candidate better,0.0010591516872031637,-0.004490703223281661,0.006445323725554807,False,focal player (cluster),2000,baseline MAE minus candidate MAE,True
war_rate,no2020,pooled,FldBsR,B2V,1073,baseline better,-0.024421962325110735,-0.03896465894644234,-0.010528916033063117,True,focal player (cluster),2000,baseline MAE minus candidate MAE,True
war_rate,no2020,pooled,PerPA,B2V,1073,baseline better,-0.03841793299658147,-0.06140044145435822,-0.016486934426968348,True,focal player (cluster),2000,baseline MAE minus candidate MAE,True
wrc_plus,all,2020->21,B2V,scalar,279,candidate better,0.9048621237713768,0.07980262076036447,1.731681015648095,True,focal player (cluster),2000,baseline MAE minus candidate MAE,True
wrc_plus,all,2020->21,B2V,stats22,279,candidate better,0.6994391744960673,0.2901222314808982,1.1176838215991174,True,focal player (cluster),2000,baseline MAE minus candidate MAE,True
wrc_plus,all,2020->21,B2V,representative5,279,candidate better,1.1237154198626023,0.4287909913221705,1.812736026453009,True,focal player (cluster),2000,baseline MAE minus candidate MAE,True
wrc_plus,all,2020->21,B2V,Offense3,279,candidate better,0.0031951932104767877,-0.09197518704575361,0.1018440392780727,False,focal player (cluster),2000,baseline MAE minus candidate MAE,True
wrc_plus,all,2020->21,history+B2V,history,279,candidate better,0.2866673205091317,-0.19252542156307123,0.7679033644895598,False,focal player (cluster),2000,baseline MAE minus candidate MAE,True
wrc_plus,all,2020->21,history+B2V,history+stats22,279,candidate better,0.4852631064260251,0.2267867594306968,0.7390146588324007,True,focal player (cluster),2000,baseline MAE minus candidate MAE,True
wrc_plus,all,2020->21,history+B2V,history+representative5,279,candidate better,0.5443019226394661,0.2232494994075151,0.8866738555652642,True,focal player (cluster),2000,baseline MAE minus candidate MAE,True
wrc_plus,all,2020->21,history+B2V+context,history+stats22+context,279,candidate better,0.046823309837343174,-0.2228322313420282,0.32318854328335134,False,focal player (cluster),2000,baseline MAE minus candidate MAE,True
wrc_plus,all,2020->21,train_PCA5,B2V,279,baseline better,-0.03660240346506782,-0.09315564700151731,0.018813689418294893,False,focal player (cluster),2000,baseline MAE minus candidate MAE,True
wrc_plus,all,2020->21,DefenseFld,B2V,279,baseline better,-0.004274703239271815,-0.01863169430605982,0.010126642518759233,False,focal player (cluster),2000,baseline MAE minus candidate MAE,True
wrc_plus,all,2020->21,DefenseDef,B2V,279,baseline better,-0.010878364732924695,-0.037757603924015816,0.015407779608282166,False,focal player (cluster),2000,baseline MAE minus candidate MAE,True
wrc_plus,all,2020->21,SpeedBsR,B2V,279,candidate better,0.0017265423150547576,-0.07712415134534237,0.08368372273811768,False,focal player (cluster),2000,baseline MAE minus candidate MAE,True
wrc_plus,all,2020->21,SpeedNoUBR,B2V,279,baseline better,-0.0007412042009669051,-0.04394885183813733,0.04346000858357025,False,focal player (cluster),2000,baseline MAE minus candidate MAE,True
wrc_plus,all,2020->21,FldBsR,B2V,279,candidate better,0.011617268668004499,-0.06471635153946816,0.08945414725719762,False,focal player (cluster),2000,baseline MAE minus candidate MAE,True
wrc_plus,all,2020->21,PerPA,B2V,279,baseline better,-0.005333985730317181,-0.08100417129443863,0.06833240018805396,False,focal player (cluster),2000,baseline MAE minus candidate MAE,True
wrc_plus,all,2021->22,B2V,scalar,354,candidate better,0.7937754801101811,0.1324623124904168,1.468169376068635,True,focal player (cluster),2000,baseline MAE minus candidate MAE,True
wrc_plus,all,2021->22,B2V,stats22,354,baseline better,-0.06396429831558947,-0.4457331157573076,0.340268146900472,False,focal player (cluster),2000,baseline MAE minus candidate MAE,True
wrc_plus,all,2021->22,B2V,representative5,354,candidate better,1.5204669489718157,0.9379986418326534,2.1124137708471413,True,focal player (cluster),2000,baseline MAE minus candidate MAE,True
wrc_plus,all,2021->22,B2V,Offense3,354,candidate better,0.028062403271380987,-0.09301975982848365,0.15137697870775585,False,focal player (cluster),2000,baseline MAE minus candidate MAE,True
wrc_plus,all,2021->22,history+B2V,history,354,candidate better,0.12311475402091432,-0.3318419206219273,0.5967627816410374,False,focal player (cluster),2000,baseline MAE minus candidate MAE,True
wrc_plus,all,2021->22,history+B2V,history+stats22,354,baseline better,-0.28016011335715874,-0.7752893499534981,0.22736288651697142,False,focal player (cluster),2000,baseline MAE minus candidate MAE,True
wrc_plus,all,2021->22,history+B2V,history+representative5,354,candidate better,0.4124435047941013,0.08777243988755067,0.7386386125964769,True,focal player (cluster),2000,baseline MAE minus candidate MAE,True
wrc_plus,all,2021->22,history+B2V+context,history+stats22+context,354,baseline better,-0.33188985487880274,-0.8150604824113165,0.1449770099005447,False,focal player (cluster),2000,baseline MAE minus candidate MAE,True
wrc_plus,all,2021->22,train_PCA5,B2V,354,baseline better,-0.009088428478094102,-0.0629829046995928,0.04946416290998979,False,focal player (cluster),2000,baseline MAE minus candidate MAE,True
wrc_plus,all,2021->22,DefenseFld,B2V,354,candidate better,0.006407220735621166,-0.016198663859877005,0.030032558864602602,False,focal player (cluster),2000,baseline MAE minus candidate MAE,True
wrc_plus,all,2021->22,DefenseDef,B2V,354,baseline better,-0.0033733068673100775,-0.032681452975971935,0.02361616526555373,False,focal player (cluster),2000,baseline MAE minus candidate MAE,True
wrc_plus,all,2021->22,SpeedBsR,B2V,354,candidate better,0.023854204006489965,-0.03388398075398591,0.07975834606213165,False,focal player (cluster),2000,baseline MAE minus candidate MAE,True
wrc_plus,all,2021->22,SpeedNoUBR,B2V,354,baseline better,-0.01852382037982636,-0.052988020029205087,0.015394343668872991,False,focal player (cluster),2000,baseline MAE minus candidate MAE,True
wrc_plus,all,2021->22,FldBsR,B2V,354,candidate better,0.02550706223041388,-0.036037763782788355,0.0839378059846427,False,focal player (cluster),2000,baseline MAE minus candidate MAE,True
wrc_plus,all,2021->22,PerPA,B2V,354,candidate better,0.020819347691467982,-0.051853719894697115,0.09655914596973253,False,focal player (cluster),2000,baseline MAE minus candidate MAE,True
wrc_plus,all,2022->23,B2V,scalar,353,candidate better,0.5681525242474876,-0.08857840806149246,1.247103317058025,False,focal player (cluster),2000,baseline MAE minus candidate MAE,True
wrc_plus,all,2022->23,B2V,stats22,353,baseline better,-0.4582800031245462,-0.9176611606906421,0.010814052644737131,False,focal player (cluster),2000,baseline MAE minus candidate MAE,True
wrc_plus,all,2022->23,B2V,representative5,353,candidate better,0.08908656040649277,-0.5895407893294298,0.7843482999780796,False,focal player (cluster),2000,baseline MAE minus candidate MAE,True
wrc_plus,all,2022->23,B2V,Offense3,353,candidate better,0.12458547436596135,0.0015214366748967482,0.24295200321081695,True,focal player (cluster),2000,baseline MAE minus candidate MAE,True
wrc_plus,all,2022->23,history+B2V,history,353,candidate better,0.24238363667621243,-0.15210644682692812,0.5994221060962743,False,focal player (cluster),2000,baseline MAE minus candidate MAE,True
wrc_plus,all,2022->23,history+B2V,history+stats22,353,baseline better,-0.2978376162712202,-0.841159740981361,0.27693202150661644,False,focal player (cluster),2000,baseline MAE minus candidate MAE,True
wrc_plus,all,2022->23,history+B2V,history+representative5,353,baseline better,-0.028009917571292675,-0.3482886309788027,0.2847173291834508,False,focal player (cluster),2000,baseline MAE minus candidate MAE,True
wrc_plus,all,2022->23,history+B2V+context,history+stats22+context,353,baseline better,-0.21241340117142116,-0.7511691581024712,0.34003956741186475,False,focal player (cluster),2000,baseline MAE minus candidate MAE,True
wrc_plus,all,2022->23,train_PCA5,B2V,353,candidate better,0.10502411645238396,-0.007059305323558095,0.2588153644607037,False,focal player (cluster),2000,baseline MAE minus candidate MAE,True
wrc_plus,all,2022->23,DefenseFld,B2V,353,baseline better,-0.01764901242762562,-0.03489126065291579,-0.001038654821216519,True,focal player (cluster),2000,baseline MAE minus candidate MAE,True
wrc_plus,all,2022->23,DefenseDef,B2V,353,candidate better,0.03088249688210709,0.006574908944594426,0.05489948414927638,True,focal player (cluster),2000,baseline MAE minus candidate MAE,True
wrc_plus,all,2022->23,SpeedBsR,B2V,353,baseline better,-0.025886300199417178,-0.09057832392997538,0.037396009270666844,False,focal player (cluster),2000,baseline MAE minus candidate MAE,True
wrc_plus,all,2022->23,SpeedNoUBR,B2V,353,baseline better,-0.035417967580144705,-0.06907604416574023,-0.0016361955666477405,True,focal player (cluster),2000,baseline MAE minus candidate MAE,True
wrc_plus,all,2022->23,FldBsR,B2V,353,baseline better,-0.046763627736666535,-0.11575055480963856,0.019439982842124625,False,focal player (cluster),2000,baseline MAE minus candidate MAE,True
wrc_plus,all,2022->23,PerPA,B2V,353,candidate better,0.0031089707773936937,-0.056546042146471895,0.0669766631674271,False,focal player (cluster),2000,baseline MAE minus candidate MAE,True
wrc_plus,all,2023->24,B2V,scalar,358,candidate better,1.3844455395753705,0.6733555176373632,2.1563234563662026,True,focal player (cluster),2000,baseline MAE minus candidate MAE,True
wrc_plus,all,2023->24,B2V,stats22,358,baseline better,-0.6051918169596,-0.9418602913218799,-0.28694171908077165,True,focal player (cluster),2000,baseline MAE minus candidate MAE,True
wrc_plus,all,2023->24,B2V,representative5,358,candidate better,0.7137657754512361,0.10266334054752316,1.3182198120400979,True,focal player (cluster),2000,baseline MAE minus candidate MAE,True
wrc_plus,all,2023->24,B2V,Offense3,358,candidate better,0.07804024301377055,-0.13700821566139804,0.3083823556404647,False,focal player (cluster),2000,baseline MAE minus candidate MAE,True
wrc_plus,all,2023->24,history+B2V,history,358,candidate better,0.4453783104018747,0.0022092931961591278,0.8887739844420598,True,focal player (cluster),2000,baseline MAE minus candidate MAE,True
wrc_plus,all,2023->24,history+B2V,history+stats22,358,baseline better,-0.6857697352934409,-1.1090180602926312,-0.2594217269470708,True,focal player (cluster),2000,baseline MAE minus candidate MAE,True
wrc_plus,all,2023->24,history+B2V,history+representative5,358,candidate better,0.17174213663207993,-0.14735884463677928,0.4752491484618339,False,focal player (cluster),2000,baseline MAE minus candidate MAE,True
wrc_plus,all,2023->24,history+B2V+context,history+stats22+context,358,baseline better,-0.6926503692554462,-1.0944909049167637,-0.2931482196196433,True,focal player (cluster),2000,baseline MAE minus candidate MAE,True
wrc_plus,all,2023->24,train_PCA5,B2V,358,candidate better,0.04204726519246549,-0.04966305636842714,0.15202667322757177,False,focal player (cluster),2000,baseline MAE minus candidate MAE,True
wrc_plus,all,2023->24,DefenseFld,B2V,358,baseline better,-0.026375885786684705,-0.06719276620367882,0.013617283300896121,False,focal player (cluster),2000,baseline MAE minus candidate MAE,True
wrc_plus,all,2023->24,DefenseDef,B2V,358,candidate better,0.02594135185879054,-0.020617500198182447,0.07280885401621412,False,focal player (cluster),2000,baseline MAE minus candidate MAE,True
wrc_plus,all,2023->24,SpeedBsR,B2V,358,candidate better,0.014974451299629266,-0.049986537246418994,0.08110211162672191,False,focal player (cluster),2000,baseline MAE minus candidate MAE,True
wrc_plus,all,2023->24,SpeedNoUBR,B2V,358,candidate better,0.04724210791436434,-0.01528561641622046,0.11268108213496968,False,focal player (cluster),2000,baseline MAE minus candidate MAE,True
wrc_plus,all,2023->24,FldBsR,B2V,358,baseline better,-0.004279345428436443,-0.08306584549988179,0.07703500619418112,False,focal player (cluster),2000,baseline MAE minus candidate MAE,True
wrc_plus,all,2023->24,PerPA,B2V,358,baseline better,-0.02636583470545517,-0.13071525315190913,0.07690535642109614,False,focal player (cluster),2000,baseline MAE minus candidate MAE,True
wrc_plus,all,2024->25,B2V,scalar,362,candidate better,0.9585238068976452,0.26134779546112624,1.709232655487505,True,focal player (cluster),2000,baseline MAE minus candidate MAE,True
wrc_plus,all,2024->25,B2V,stats22,362,baseline better,-0.5480946878538937,-0.9612493795968625,-0.14273783703585263,True,focal player (cluster),2000,baseline MAE minus candidate MAE,True
wrc_plus,all,2024->25,B2V,representative5,362,candidate better,0.3929046284377158,-0.22270791093013081,1.0685168306682125,False,focal player (cluster),2000,baseline MAE minus candidate MAE,True
wrc_plus,all,2024->25,B2V,Offense3,362,candidate better,0.08091851402361172,-0.1187249580652261,0.2936555745259996,False,focal player (cluster),2000,baseline MAE minus candidate MAE,True
wrc_plus,all,2024->25,history+B2V,history,362,candidate better,0.7337672399901649,0.26559077842402645,1.2027007841657176,True,focal player (cluster),2000,baseline MAE minus candidate MAE,True
wrc_plus,all,2024->25,history+B2V,history+stats22,362,baseline better,-0.47843758867623976,-0.961219691121206,0.023893590804781022,False,focal player (cluster),2000,baseline MAE minus candidate MAE,True
wrc_plus,all,2024->25,history+B2V,history+representative5,362,candidate better,0.12465296769216039,-0.21548780643825927,0.4772606013655058,False,focal player (cluster),2000,baseline MAE minus candidate MAE,True
wrc_plus,all,2024->25,history+B2V+context,history+stats22+context,362,baseline better,-0.4883477769167257,-0.9729409264682618,-0.00012059832891993172,True,focal player (cluster),2000,baseline MAE minus candidate MAE,True
wrc_plus,all,2024->25,train_PCA5,B2V,362,candidate better,0.18834033139148332,0.05591285157857797,0.36251984814758054,True,focal player (cluster),2000,baseline MAE minus candidate MAE,True
wrc_plus,all,2024->25,DefenseFld,B2V,362,baseline better,-0.03139486026431726,-0.07627393434652471,0.008488545446865278,False,focal player (cluster),2000,baseline MAE minus candidate MAE,True
wrc_plus,all,2024->25,DefenseDef,B2V,362,candidate better,0.031014256923604933,-0.017559189060904944,0.07992950799062082,False,focal player (cluster),2000,baseline MAE minus candidate MAE,True
wrc_plus,all,2024->25,SpeedBsR,B2V,362,candidate better,0.04786604024783969,-0.01850939514647241,0.11453397116937956,False,focal player (cluster),2000,baseline MAE minus candidate MAE,True
wrc_plus,all,2024->25,SpeedNoUBR,B2V,362,candidate better,0.012163373609915595,-0.037949692010291525,0.06396729493289256,False,focal player (cluster),2000,baseline MAE minus candidate MAE,True
wrc_plus,all,2024->25,FldBsR,B2V,362,candidate better,0.023585543665408437,-0.05901942538959384,0.10075308621930466,False,focal player (cluster),2000,baseline MAE minus candidate MAE,True
wrc_plus,all,2024->25,PerPA,B2V,362,candidate better,0.022739530778000727,-0.07990281096970415,0.12469068466011862,False,focal player (cluster),2000,baseline MAE minus candidate MAE,True
wrc_plus,all,pooled,B2V,scalar,1706,candidate better,0.9241664799622029,0.584244671188028,1.2591030897967028,True,focal player (cluster),2000,baseline MAE minus candidate MAE,True
wrc_plus,all,pooled,B2V,stats22,1706,baseline better,-0.23701150087744693,-0.42964065520416544,-0.05075866181574529,True,focal player (cluster),2000,baseline MAE minus candidate MAE,True
wrc_plus,all,pooled,B2V,representative5,1706,candidate better,0.7508611260299958,0.4545689623064324,1.0640901761329427,True,focal player (cluster),2000,baseline MAE minus candidate MAE,True
wrc_plus,all,pooled,B2V,Offense3,1706,candidate better,0.06567123750906134,-0.01981907307528168,0.14452314398473615,False,focal player (cluster),2000,baseline MAE minus candidate MAE,True
wrc_plus,all,pooled,history+B2V,history,1706,candidate better,0.37174291037073104,0.17463114756324175,0.5652833243350924,True,focal player (cluster),2000,baseline MAE minus candidate MAE,True
wrc_plus,all,pooled,history+B2V,history+stats22,1706,baseline better,-0.28582938119294354,-0.5071977059503533,-0.06884516676593214,True,focal player (cluster),2000,baseline MAE minus candidate MAE,True
wrc_plus,all,pooled,history+B2V,history+representative5,1706,candidate better,0.23129296332339067,0.09207866934270496,0.3745704226823803,True,focal player (cluster),2000,baseline MAE minus candidate MAE,True
wrc_plus,all,pooled,history+B2V+context,history+stats22+context,1706,baseline better,-0.35413714140286956,-0.5741529949745918,-0.13475137096975767,True,focal player (cluster),2000,baseline MAE minus candidate MAE,True
wrc_plus,all,pooled,train_PCA5,B2V,1706,candidate better,0.06264728004824605,-0.000455961280954753,0.1497873131793631,False,focal player (cluster),2000,baseline MAE minus candidate MAE,True
wrc_plus,all,pooled,DefenseFld,B2V,1706,baseline better,-0.015218109013844128,-0.030013247588989954,-0.0006456200036262286,True,focal player (cluster),2000,baseline MAE minus candidate MAE,True
wrc_plus,all,pooled,DefenseDef,B2V,1706,candidate better,0.015935798346809804,-0.001975417114022182,0.03366014054251227,False,focal player (cluster),2000,baseline MAE minus candidate MAE,True
wrc_plus,all,pooled,SpeedBsR,B2V,1706,candidate better,0.013175023264238916,-0.012633472926101064,0.04167720208047,False,focal player (cluster),2000,baseline MAE minus candidate MAE,True
wrc_plus,all,pooled,SpeedNoUBR,B2V,1706,candidate better,0.0012010814406870907,-0.021098417852949237,0.024638026131320597,False,focal player (cluster),2000,baseline MAE minus candidate MAE,True
wrc_plus,all,pooled,FldBsR,B2V,1706,candidate better,0.0016231644433766235,-0.0289542300606616,0.031886316934950594,False,focal player (cluster),2000,baseline MAE minus candidate MAE,True
wrc_plus,all,pooled,PerPA,B2V,1706,candidate better,0.003383396873108069,-0.03796955436676388,0.045805865106315735,False,focal player (cluster),2000,baseline MAE minus candidate MAE,True
wrc_plus,no2020,2022->23,B2V,scalar,353,candidate better,0.5989993670048079,-0.12157509339201633,1.3104122645615293,False,focal player (cluster),2000,baseline MAE minus candidate MAE,True
wrc_plus,no2020,2022->23,B2V,stats22,353,candidate better,0.02610791856819006,-0.3019720632316295,0.3629500671957578,False,focal player (cluster),2000,baseline MAE minus candidate MAE,True
wrc_plus,no2020,2022->23,B2V,representative5,353,candidate better,0.3218964534661062,-0.47005803328744883,1.100138197553313,False,focal player (cluster),2000,baseline MAE minus candidate MAE,True
wrc_plus,no2020,2022->23,B2V,Offense3,353,candidate better,0.16615758521052726,0.04959289990292213,0.27570580790577404,True,focal player (cluster),2000,baseline MAE minus candidate MAE,True
wrc_plus,no2020,2022->23,history+B2V,history,353,candidate better,0.18853272342285265,-0.1497967270982999,0.5018790678912846,False,focal player (cluster),2000,baseline MAE minus candidate MAE,True
wrc_plus,no2020,2022->23,history+B2V,history+stats22,353,baseline better,-0.08961803893859255,-0.5375939803305305,0.3534745466626112,False,focal player (cluster),2000,baseline MAE minus candidate MAE,True
wrc_plus,no2020,2022->23,history+B2V,history+representative5,353,candidate better,0.33382144455174867,-0.029956164108308415,0.675806863016173,False,focal player (cluster),2000,baseline MAE minus candidate MAE,True
wrc_plus,no2020,2022->23,history+B2V+context,history+stats22+context,353,baseline better,-0.009462041733250715,-0.4712414905197261,0.4321129190997161,False,focal player (cluster),2000,baseline MAE minus candidate MAE,True
wrc_plus,no2020,2022->23,train_PCA5,B2V,353,candidate better,0.10985240472819768,-0.008988596274478053,0.2647072092574871,False,focal player (cluster),2000,baseline MAE minus candidate MAE,True
wrc_plus,no2020,2022->23,DefenseFld,B2V,353,baseline better,-0.019062281033118467,-0.03688805509411548,-0.0016268107092239313,True,focal player (cluster),2000,baseline MAE minus candidate MAE,True
wrc_plus,no2020,2022->23,DefenseDef,B2V,353,candidate better,0.01774708721177376,-0.008071089531132624,0.04469498437164087,False,focal player (cluster),2000,baseline MAE minus candidate MAE,True
wrc_plus,no2020,2022->23,SpeedBsR,B2V,353,candidate better,0.00896616998327815,-0.07415186265909686,0.08786140788605112,False,focal player (cluster),2000,baseline MAE minus candidate MAE,True
wrc_plus,no2020,2022->23,SpeedNoUBR,B2V,353,baseline better,-0.027318400031774104,-0.057283536331684724,0.002252276594118813,False,focal player (cluster),2000,baseline MAE minus candidate MAE,True
wrc_plus,no2020,2022->23,FldBsR,B2V,353,baseline better,-0.016264716998488638,-0.09815793368664405,0.06602334638811796,False,focal player (cluster),2000,baseline MAE minus candidate MAE,True
wrc_plus,no2020,2022->23,PerPA,B2V,353,candidate better,0.1442851812032515,-0.008586339188902592,0.3074441531722078,False,focal player (cluster),2000,baseline MAE minus candidate MAE,True
wrc_plus,no2020,2023->24,B2V,scalar,358,candidate better,1.5126204052172483,0.7492271439064542,2.3217533240569863,True,focal player (cluster),2000,baseline MAE minus candidate MAE,True
wrc_plus,no2020,2023->24,B2V,stats22,358,baseline better,-0.4322928576721381,-0.754697559041917,-0.09220481726254008,True,focal player (cluster),2000,baseline MAE minus candidate MAE,True
wrc_plus,no2020,2023->24,B2V,representative5,358,candidate better,0.670143119581347,0.038409395343237576,1.3186194168571104,True,focal player (cluster),2000,baseline MAE minus candidate MAE,True
wrc_plus,no2020,2023->24,B2V,Offense3,358,candidate better,0.06967098467764288,-0.25229748162747134,0.39450893738603515,False,focal player (cluster),2000,baseline MAE minus candidate MAE,True
wrc_plus,no2020,2023->24,history+B2V,history,358,candidate better,0.5692709821270512,0.065236188907451,1.0867837638565803,True,focal player (cluster),2000,baseline MAE minus candidate MAE,True
wrc_plus,no2020,2023->24,history+B2V,history+stats22,358,baseline better,-0.47103035638099655,-0.9318200313232174,-0.006156328254753705,True,focal player (cluster),2000,baseline MAE minus candidate MAE,True
wrc_plus,no2020,2023->24,history+B2V,history+representative5,358,candidate better,0.21882123547017684,-0.094539416768845,0.5240039063115643,False,focal player (cluster),2000,baseline MAE minus candidate MAE,True
wrc_plus,no2020,2023->24,history+B2V+context,history+stats22+context,358,baseline better,-0.48555467721426027,-0.8359245186243475,-0.14112764300827468,True,focal player (cluster),2000,baseline MAE minus candidate MAE,True
wrc_plus,no2020,2023->24,train_PCA5,B2V,358,candidate better,0.026375853291256135,-0.07277729243768452,0.14010964086858715,False,focal player (cluster),2000,baseline MAE minus candidate MAE,True
wrc_plus,no2020,2023->24,DefenseFld,B2V,358,baseline better,-0.0379016487055317,-0.11615695709949092,0.0392231112472309,False,focal player (cluster),2000,baseline MAE minus candidate MAE,True
wrc_plus,no2020,2023->24,DefenseDef,B2V,358,candidate better,0.04363713142417325,-0.03405188921465108,0.12001475227927742,False,focal player (cluster),2000,baseline MAE minus candidate MAE,True
wrc_plus,no2020,2023->24,SpeedBsR,B2V,358,candidate better,0.013476855808285393,-0.07846522066081088,0.09966227934843627,False,focal player (cluster),2000,baseline MAE minus candidate MAE,True
wrc_plus,no2020,2023->24,SpeedNoUBR,B2V,358,candidate better,0.09219247440444178,0.004957384149724487,0.17508510795919568,True,focal player (cluster),2000,baseline MAE minus candidate MAE,True
wrc_plus,no2020,2023->24,FldBsR,B2V,358,baseline better,-0.03037380543401369,-0.14674800017492418,0.08909222990696275,False,focal player (cluster),2000,baseline MAE minus candidate MAE,True
wrc_plus,no2020,2023->24,PerPA,B2V,358,baseline better,-0.1285517766293296,-0.32224908964146426,0.06705343830004376,False,focal player (cluster),2000,baseline MAE minus candidate MAE,True
wrc_plus,no2020,2024->25,B2V,scalar,362,candidate better,1.0352045390915556,0.28489345497831514,1.8213460257807692,True,focal player (cluster),2000,baseline MAE minus candidate MAE,True
wrc_plus,no2020,2024->25,B2V,stats22,362,baseline better,-0.47850668793142503,-0.890196353158498,-0.09486306219367549,True,focal player (cluster),2000,baseline MAE minus candidate MAE,True
wrc_plus,no2020,2024->25,B2V,representative5,362,candidate better,0.42602956856782725,-0.1985572291485691,1.1129618046730587,False,focal player (cluster),2000,baseline MAE minus candidate MAE,True
wrc_plus,no2020,2024->25,B2V,Offense3,362,candidate better,0.14357921608756286,-0.11929562009707011,0.42555027107326027,False,focal player (cluster),2000,baseline MAE minus candidate MAE,True
wrc_plus,no2020,2024->25,history+B2V,history,362,candidate better,0.7465015504281709,0.2217991427677446,1.2635226222985319,True,focal player (cluster),2000,baseline MAE minus candidate MAE,True
wrc_plus,no2020,2024->25,history+B2V,history+stats22,362,baseline better,-0.4619810342548156,-0.8894214912517041,-0.021783331613592565,True,focal player (cluster),2000,baseline MAE minus candidate MAE,True
wrc_plus,no2020,2024->25,history+B2V,history+representative5,362,candidate better,0.11731683530343417,-0.23085377692368098,0.47875438509491913,False,focal player (cluster),2000,baseline MAE minus candidate MAE,True
wrc_plus,no2020,2024->25,history+B2V+context,history+stats22+context,362,baseline better,-0.4123796295698412,-0.8155002134442939,-0.030285522996721385,True,focal player (cluster),2000,baseline MAE minus candidate MAE,True
wrc_plus,no2020,2024->25,train_PCA5,B2V,362,candidate better,0.18115522010831953,0.049527991007238016,0.3480514663367116,True,focal player (cluster),2000,baseline MAE minus candidate MAE,True
wrc_plus,no2020,2024->25,DefenseFld,B2V,362,baseline better,-0.02559693623643966,-0.09091662722682585,0.03608003482368082,False,focal player (cluster),2000,baseline MAE minus candidate MAE,True
wrc_plus,no2020,2024->25,DefenseDef,B2V,362,candidate better,0.012172666342973315,-0.050794207605807086,0.0785295284060878,False,focal player (cluster),2000,baseline MAE minus candidate MAE,True
wrc_plus,no2020,2024->25,SpeedBsR,B2V,362,candidate better,0.03646132368974975,-0.047712443826663266,0.12271145649709207,False,focal player (cluster),2000,baseline MAE minus candidate MAE,True
wrc_plus,no2020,2024->25,SpeedNoUBR,B2V,362,candidate better,0.011910388301867414,-0.049978844986128035,0.07643786539296388,False,focal player (cluster),2000,baseline MAE minus candidate MAE,True
wrc_plus,no2020,2024->25,FldBsR,B2V,362,candidate better,0.0012273249453826907,-0.10362577708515949,0.10092010915631726,False,focal player (cluster),2000,baseline MAE minus candidate MAE,True
wrc_plus,no2020,2024->25,PerPA,B2V,362,baseline better,-0.05022053941248927,-0.19867714874962,0.09469580031192609,False,focal player (cluster),2000,baseline MAE minus candidate MAE,True
wrc_plus,no2020,pooled,B2V,scalar,1073,candidate better,1.050986882359382,0.6155435334695382,1.486930670053396,True,focal player (cluster),2000,baseline MAE minus candidate MAE,True
wrc_plus,no2020,pooled,B2V,stats22,1073,baseline better,-0.2970775105528709,-0.516927313042829,-0.0767869653256686,True,focal player (cluster),2000,baseline MAE minus candidate MAE,True
wrc_plus,no2020,pooled,B2V,representative5,1073,candidate better,0.4732184424093262,0.07572297459513333,0.9155009607966655,True,focal player (cluster),2000,baseline MAE minus candidate MAE,True
wrc_plus,no2020,pooled,B2V,Offense3,1073,candidate better,0.12634810467624646,-0.022754565080058242,0.27268066911305383,False,focal player (cluster),2000,baseline MAE minus candidate MAE,True
wrc_plus,no2020,pooled,history+B2V,history,1073,candidate better,0.5038067327350859,0.23868255436738064,0.7681234827083454,True,focal player (cluster),2000,baseline MAE minus candidate MAE,True
wrc_plus,no2020,pooled,history+B2V,history+stats22,1073,baseline better,-0.34249876023295656,-0.6071856916809454,-0.0702354105242557,True,focal player (cluster),2000,baseline MAE minus candidate MAE,True
wrc_plus,no2020,pooled,history+B2V,history+representative5,1073,candidate better,0.22240975452464085,0.025299570237665582,0.421426049811215,True,focal player (cluster),2000,baseline MAE minus candidate MAE,True
wrc_plus,no2020,pooled,history+B2V+context,history+stats22+context,1073,baseline better,-0.3042405415459726,-0.546794231410924,-0.05456174086639493,True,focal player (cluster),2000,baseline MAE minus candidate MAE,True
wrc_plus,no2020,pooled,train_PCA5,B2V,1073,candidate better,0.10605651819807704,0.014764400091280373,0.23626007558796405,True,focal player (cluster),2000,baseline MAE minus candidate MAE,True
wrc_plus,no2020,pooled,DefenseFld,B2V,1073,baseline better,-0.027552531555326,-0.06232168592683198,0.007725343781449142,False,focal player (cluster),2000,baseline MAE minus candidate MAE,True
wrc_plus,no2020,pooled,DefenseDef,B2V,1073,candidate better,0.024504492126535382,-0.011414599617220134,0.05970622724865285,False,focal player (cluster),2000,baseline MAE minus candidate MAE,True
wrc_plus,no2020,pooled,SpeedBsR,B2V,1073,candidate better,0.019747224193061186,-0.028050933286344115,0.06629967117708623,False,focal player (cluster),2000,baseline MAE minus candidate MAE,True
wrc_plus,no2020,pooled,SpeedNoUBR,B2V,1073,candidate better,0.025790373896413143,-0.01557327265047732,0.06582764738774755,False,focal player (cluster),2000,baseline MAE minus candidate MAE,True
wrc_plus,no2020,pooled,FldBsR,B2V,1073,baseline better,-0.01507080691110474,-0.07044669375605421,0.04380237096643746,False,focal player (cluster),2000,baseline MAE minus candidate MAE,True
wrc_plus,no2020,pooled,PerPA,B2V,1073,baseline better,-0.012365985401562085,-0.11131308747498939,0.07946607254524489,False,focal player (cluster),2000,baseline MAE minus candidate MAE,True
