target,window,fold,model,n_features,selected_alpha,n_train,thin_training_set,train_period,test_period,n_test,mae,mae_ci_low,mae_ci_high,rmse,rmse_ci_low,rmse_ci_high
war,no2020,2022->23,B2V,5,26.82695795279722,354,False,,,353,1.2374277832779357,1.1400672274293127,1.334393860068894,1.5553888569685679,1.4286261810125032,1.6860840672399091
war,no2020,2022->23,DefenseDef,5,19.306977288832496,354,False,,,353,1.228494664832701,1.1304334858085676,1.32697489915698,1.5491967854443593,1.4229932412886372,1.68282167707327
war,no2020,2022->23,DefenseFld,5,19.306977288832496,354,False,,,353,1.2435020868317066,1.14674480631517,1.3394631203880512,1.562715530262897,1.4368812953606473,1.6896438946256909
war,no2020,2022->23,FldBsR,5,19.306977288832496,354,False,,,353,1.242801514817799,1.1439070682640744,1.3447363925889508,1.5690595720789062,1.442356190708625,1.695651447171908
war,no2020,2022->23,Offense3,3,37.27593720314938,354,False,,,353,1.316498291015213,1.2058080348848104,1.422159126895111,1.6714812280282743,1.5369372026714676,1.8031974666218267
war,no2020,2022->23,PerPA,5,37.27593720314938,354,False,,,353,1.265415274205553,1.163619099898295,1.3640446743353827,1.5916833309680078,1.4698526205107705,1.7172458975545573
war,no2020,2022->23,SpeedBsR,5,26.82695795279722,354,False,,,353,1.2374648646367323,1.1390232367317805,1.3372566923698725,1.5610085994216942,1.4347929828860004,1.6946375078006086
war,no2020,2022->23,SpeedNoUBR,5,26.82695795279722,354,False,,,353,1.2430362010608051,1.1442864455321762,1.3409506794210302,1.5625265802121742,1.433592198033498,1.694872249240249
war,no2020,2022->23,history,1,13.89495494373136,354,False,,,353,1.2280117124632497,1.1317887204206616,1.3250890006623768,1.5350494541583766,1.4206102477906082,1.6524213415809454
war,no2020,2022->23,history+B2V,6,37.27593720314938,354,False,,,353,1.2144178746836636,1.1214062441195696,1.3085197639040227,1.5169578454896313,1.4023818754466428,1.6358938310145972
war,no2020,2022->23,history+B2V+context,8,37.27593720314938,354,False,,,353,1.1390865294993413,1.0536175170401592,1.2323134584592457,1.4341495934827408,1.32546390182679,1.5448919987219636
war,no2020,2022->23,history+representative5,6,19.306977288832496,354,False,,,353,1.240769973665588,1.1454597194647198,1.3385370766917155,1.5482650512969565,1.4316159495335339,1.6701993183392023
war,no2020,2022->23,history+stats22,23,26.82695795279722,354,False,,,353,1.22191104696531,1.1241760906252336,1.3194440167681667,1.5314652815974317,1.4158306512463736,1.6500988054248773
war,no2020,2022->23,history+stats22+context,25,26.82695795279722,354,False,,,353,1.1640217960408776,1.0734450857801523,1.2588795684877256,1.4644702671586578,1.3564673640617129,1.5787205280782657
war,no2020,2022->23,representative5,5,19.306977288832496,354,False,,,353,1.283209879118984,1.1858710843252356,1.384707874242759,1.6114736360238378,1.472466377382005,1.7584406296929178
war,no2020,2022->23,scalar,1,0.001,354,False,,,353,1.1750865652681326,1.076267156625101,1.2713451026080895,1.5026000059165587,1.3708440414416805,1.6386884401479966
war,no2020,2022->23,stats22,22,100.0,354,False,,,353,1.2218639226026395,1.124436680420931,1.3182785456866983,1.5349370764024823,1.4131381136164651,1.6615577547654332
war,no2020,2022->23,train_PCA5,5,26.82695795279722,354,False,,,353,1.2416612388217472,1.1440894456589095,1.3396300719364174,1.5596407289806058,1.4328747286867554,1.6936806618878415
war,no2020,2023->24,B2V,5,37.27593720314938,707,False,,,358,1.245192289854795,1.1418921230194643,1.368059428652793,1.657540420906863,1.5020114110301086,1.8382813267873772
war,no2020,2023->24,DefenseDef,5,5.179474679231207,707,False,,,358,1.231835054099584,1.1288878306824506,1.3540621120464749,1.6441665438811728,1.4877232658872241,1.8190468381081373
war,no2020,2023->24,DefenseFld,5,51.794746792312125,707,False,,,358,1.2709938411830244,1.1677291850638463,1.3943499970799562,1.679163535723283,1.520945035701575,1.8638661480174308
war,no2020,2023->24,FldBsR,5,37.27593720314938,707,False,,,358,1.2717712068795617,1.1689926900856067,1.3960429476358758,1.6759779604547194,1.5209667514092604,1.859883173331786
war,no2020,2023->24,Offense3,3,19.306977288832496,707,False,,,358,1.3497680852038925,1.2385164074090158,1.474450459641203,1.7642633560889835,1.5918516029119412,1.9586660583240862
war,no2020,2023->24,PerPA,5,71.96856730011514,707,False,,,358,1.2925661261244588,1.1903333555051103,1.411988229973974,1.6876372080396684,1.5246073914630562,1.8768831629806841
war,no2020,2023->24,SpeedBsR,5,19.306977288832496,707,False,,,358,1.247999303525233,1.1457967959167437,1.3700627640986958,1.6552309736708177,1.4982211889934438,1.837039946088596
war,no2020,2023->24,SpeedNoUBR,5,37.27593720314938,707,False,,,358,1.242824900303501,1.1415829544227327,1.3655576143848256,1.6539235620892168,1.4954143266834872,1.8357995421024484
war,no2020,2023->24,history,1,7.196856730011514,707,False,,,358,1.199268060793923,1.0928077377490757,1.3205175506885705,1.6155355857839468,1.455457734392317,1.7889283203683248
war,no2020,2023->24,history+B2V,6,51.794746792312125,707,False,,,358,1.186957178684987,1.0861448865524046,1.3065166250399916,1.5908365321417022,1.4381932513703577,1.7586761471792065
war,no2020,2023->24,history+B2V+context,8,51.794746792312125,707,False,,,358,1.18410941129787,1.0800730427183511,1.2992663847871038,1.5789051120288689,1.4295072276699967,1.748960355182302
war,no2020,2023->24,history+representative5,6,51.794746792312125,707,False,,,358,1.1808310297372009,1.07500067236729,1.3008273981164133,1.591318317118656,1.436141887194642,1.763969017639386
war,no2020,2023->24,history+stats22,23,37.27593720314938,707,False,,,358,1.1624739525970598,1.063095671988685,1.2771911488088967,1.5613823481786693,1.4178752308427574,1.7234080512490983
war,no2020,2023->24,history+stats22+context,25,51.794746792312125,707,False,,,358,1.1598357909506192,1.0600517479439255,1.2751422417961376,1.5486106364687493,1.4031477332583704,1.7149439352885854
war,no2020,2023->24,representative5,5,0.001,707,False,,,358,1.2554115808672577,1.146948600342509,1.3805563193911254,1.6839737357403262,1.5221669937501392,1.8666234910282482
war,no2020,2023->24,scalar,1,0.001,707,False,,,358,1.215452927221649,1.10340256974708,1.3357394888350214,1.6355532244240436,1.4641527038636544,1.8204366144669422
war,no2020,2023->24,stats22,22,0.001,707,False,,,358,1.1757163634958472,1.0727904900386953,1.292436210179995,1.5841611993033597,1.4334736653109121,1.7587631625097602
war,no2020,2023->24,train_PCA5,5,37.27593720314938,707,False,,,358,1.2428171350879347,1.1409598803080716,1.363767355878109,1.6462387307396786,1.4988415014703664,1.8209056482217834
war,no2020,2024->25,B2V,5,26.82695795279722,1065,False,,,362,1.1966279599945124,1.0993710414903572,1.3036012661184344,1.5416212335059905,1.4020722341204264,1.686482251410395
war,no2020,2024->25,DefenseDef,5,19.306977288832496,1065,False,,,362,1.1861252111890477,1.0897486683128212,1.2926195491755434,1.52659183972855,1.3925150823227532,1.6659919775263328
war,no2020,2024->25,DefenseFld,5,51.794746792312125,1065,False,,,362,1.2108751860469744,1.1119716584806545,1.3172225016436343,1.5639683060353966,1.419139609963417,1.7128891965465258
war,no2020,2024->25,FldBsR,5,37.27593720314938,1065,False,,,362,1.2060640566430616,1.1056828702277137,1.3132176449346693,1.5604754737404596,1.4153807728375143,1.7106549276329006
war,no2020,2024->25,Offense3,3,71.96856730011514,1065,False,,,362,1.284776433559464,1.1823962588979517,1.4010842625142894,1.6737270621745006,1.5198562570415872,1.8362171329103962
war,no2020,2024->25,PerPA,5,71.96856730011514,1065,False,,,362,1.23180749826308,1.1327770008910156,1.3348907220878914,1.588635455604198,1.444501408635906,1.738653528176272
war,no2020,2024->25,SpeedBsR,5,26.82695795279722,1065,False,,,362,1.1925052004346781,1.094365005387658,1.2984498937449804,1.539491973820912,1.3984095077844063,1.6860326247372388
war,no2020,2024->25,SpeedNoUBR,5,26.82695795279722,1065,False,,,362,1.194030879937998,1.0954909048502364,1.3020741495717336,1.543567274909388,1.4013854751155972,1.6918458457509324
war,no2020,2024->25,history,1,7.196856730011514,1065,False,,,362,1.1393256397839802,1.0445652783008041,1.2405674232703034,1.4708266069596452,1.3474401470934363,1.5966769573825166
war,no2020,2024->25,history+B2V,6,51.794746792312125,1065,False,,,362,1.1184683919398986,1.02195768108459,1.2186130783683427,1.4474031614356313,1.3213736161346994,1.5729567099953659
war,no2020,2024->25,history+B2V+context,8,71.96856730011514,1065,False,,,362,1.1078839102516158,1.0154389653046099,1.2038226593676955,1.432291036027617,1.312189326737173,1.5526968745296978
war,no2020,2024->25,history+representative5,6,71.96856730011514,1065,False,,,362,1.11086582358159,1.013984723825904,1.2116134695974075,1.4439662112347205,1.3177427354662228,1.5682963225826227
war,no2020,2024->25,history+stats22,23,0.001,1065,False,,,362,1.0948023722881406,0.9990618149210947,1.1890633468777472,1.4169242745299842,1.2959662933229872,1.5338662626620687
war,no2020,2024->25,history+stats22+context,25,71.96856730011514,1065,False,,,362,1.0891812758882926,0.9986970366926317,1.1808033585917794,1.4013269836256501,1.2865452265177726,1.518117434695702
war,no2020,2024->25,representative5,5,0.001,1065,False,,,362,1.2032573002737856,1.0994143611074259,1.3109369405326816,1.56538639355618,1.426464881640234,1.703865201530175
war,no2020,2024->25,scalar,1,0.001,1065,False,,,362,1.1382830113354157,1.0397714157818152,1.2441365597970062,1.484054730625982,1.3545748915967786,1.6142966741874716
war,no2020,2024->25,stats22,22,0.001,1065,False,,,362,1.1376573887409198,1.0433993062294458,1.234887392859049,1.4577217343789612,1.3390214480367546,1.5817310090635064
war,no2020,2024->25,train_PCA5,5,51.794746792312125,1065,False,,,362,1.1853555149105006,1.0889208500880814,1.2882045256462105,1.5230878799493064,1.3895147416701563,1.6623530192827483
war,no2020,pooled,B2V,5,,,,re-fitted per fold,all rolling-origin test seasons,1073,1.2262536521744094,1.1602469301746448,1.2896713364348051,1.585671262544245,1.4817704316482938,1.685922085480856
war,no2020,pooled,DefenseDef,5,,,,re-fitted per fold,all rolling-origin test seasons,1073,1.2153149044771945,1.1497767763419,1.279552645708934,1.5740835659771795,1.471206147552261,1.6728680401515474
war,no2020,pooled,DefenseFld,5,,,,re-fitted per fold,all rolling-origin test seasons,1073,1.2416671473850138,1.1732524208343986,1.306643249400969,1.6029208916396842,1.4978613579978246,1.7028891018608945
war,no2020,pooled,FldBsR,5,,,,re-fitted per fold,all rolling-origin test seasons,1073,1.240072894033881,1.17239402966529,1.3056311045043059,1.6026989364914725,1.4985115578186579,1.7054982457030283
war,no2020,pooled,Offense3,3,,,,re-fitted per fold,all rolling-origin test seasons,1073,1.316896495973802,1.2381632564345553,1.3910181373713608,1.7037434346949345,1.584118337608429,1.8171776021535988
war,no2020,pooled,PerPA,5,,,,re-fitted per fold,all rolling-origin test seasons,1073,1.2631356750404021,1.1921168076467896,1.33024325192282,1.6233210403284262,1.5133547151866618,1.7274093323540993
war,no2020,pooled,SpeedBsR,5,,,,re-fitted per fold,all rolling-origin test seasons,1073,1.2258114915527991,1.15934215517348,1.2901068808644176,1.5859851962949092,1.4836040499991423,1.6853062926705507
war,no2020,pooled,SpeedNoUBR,5,,,,re-fitted per fold,all rolling-origin test seasons,1073,1.2264326857601797,1.161233029521937,1.2905839977986722,1.5873576462119563,1.4820257822929985,1.6888463037713044
war,no2020,pooled,history,1,,,,re-fitted per fold,all rolling-origin test seasons,1073,1.1885013810489773,1.1226685434653618,1.2557729191581488,1.5413803802430313,1.4478037758885764,1.6329764605383783
war,no2020,pooled,history+B2V,6,,,,re-fitted per fold,all rolling-origin test seasons,1073,1.172885123592546,1.1080230705722593,1.2376949364687542,1.519277659298535,1.425453051494012,1.608980007991323
war,no2020,pooled,history+B2V+context,8,,,,re-fitted per fold,all rolling-origin test seasons,1073,1.1435812578462163,1.0816522503432562,1.205759224570294,1.4834111544232842,1.395463755184206,1.5684988390666332
war,no2020,pooled,history+representative5,6,,,,re-fitted per fold,all rolling-origin test seasons,1073,1.1769457012920839,1.1123699627916828,1.2440910144657977,1.528703366368295,1.4353280822599808,1.617529129108296
war,no2020,pooled,history+stats22,23,,,,re-fitted per fold,all rolling-origin test seasons,1073,1.1591973284033634,1.0950915850798868,1.2202831294221586,1.5041021479280086,1.4147210853717223,1.5849356675716915
war,no2020,pooled,history+stats22+context,25,,,,re-fitted per fold,all rolling-origin test seasons,1073,1.1373760755212612,1.0773665346458605,1.1962843888126475,1.4724842130943396,1.3880901520967406,1.553112220062336
war,no2020,pooled,representative5,5,,,,re-fitted per fold,all rolling-origin test seasons,1073,1.2469613942018547,1.1762152601524747,1.3148768499757209,1.6208534970220263,1.5148249884033564,1.719504003667755
war,no2020,pooled,scalar,1,,,,re-fitted per fold,all rolling-origin test seasons,1073,1.1761380760376714,1.1093449367662518,1.2437097428809079,1.5421821501146329,1.4402651822563075,1.6398764801723011
war,no2020,pooled,stats22,22,,,,re-fitted per fold,all rolling-origin test seasons,1073,1.1780581524086282,1.1133677946798959,1.2411683103621762,1.5262038552836352,1.4305489144048051,1.6140673711034192
war,no2020,pooled,train_PCA5,5,,,,re-fitted per fold,all rolling-origin test seasons,1073,1.2230509301613781,1.1574724322703465,1.2851375329875763,1.5770511907818145,1.4782332639674605,1.669895714737452
war_rate,all,2020->21,B2V,5,37.27593720314938,275,True,,,279,1.7417229202601954,1.5894350788548628,1.89737710374505,2.1614934407397555,1.98311974314156,2.3448898884185643
war_rate,all,2020->21,DefenseDef,5,0.001,275,True,,,279,1.7082027027578182,1.5636941263174253,1.857509126976492,2.113672366333591,1.939389703431216,2.294411237204627
war_rate,all,2020->21,DefenseFld,5,51.794746792312125,275,True,,,279,1.7700973553180819,1.614175499607048,1.9288334126271862,2.200728468288132,2.0170565789380888,2.3773533327909573
war_rate,all,2020->21,FldBsR,5,37.27593720314938,275,True,,,279,1.7629421998528356,1.605340568851293,1.9201354385571958,2.197333280638491,2.01451621045731,2.3765702818326733
war_rate,all,2020->21,Offense3,3,10.0,275,True,,,279,1.8459841942158572,1.6924200076535316,2.001924365505891,2.2760336506548553,2.0973387104758943,2.452776136731674
war_rate,all,2020->21,PerPA,5,19.306977288832496,275,True,,,279,1.7561309122975999,1.6005197068537504,1.912903652282812,2.1818948297261875,2.0000771083659026,2.357734277269486
war_rate,all,2020->21,SpeedBsR,5,0.001,275,True,,,279,1.727832548247812,1.5777711076859706,1.8791904613964847,2.143277964258706,1.9634146556183714,2.3257712953446656
war_rate,all,2020->21,SpeedNoUBR,5,37.27593720314938,275,True,,,279,1.7433865256936492,1.5928697305781305,1.8965375564026778,2.1623853147221697,1.986334019341694,2.3436688776451198
war_rate,all,2020->21,history,1,0.001,275,True,,,279,1.6917525581029833,1.543113910896161,1.840234938550574,2.1198666160511,1.9496337287669547,2.283736269016858
war_rate,all,2020->21,history+B2V,6,3.727593720314938,275,True,,,279,1.6784663811483824,1.5263890190402725,1.831736436091185,2.101738469355951,1.9268397400459067,2.2765338988644377
war_rate,all,2020->21,history+B2V+context,8,71.96856730011514,275,True,,,279,1.683047262800587,1.5302447304584728,1.8416243978027866,2.109035650423186,1.932747172938181,2.284865567914182
war_rate,all,2020->21,history+representative5,6,13.89495494373136,275,True,,,279,1.7006782200679726,1.550445952562902,1.858022001201502,2.1343044194762513,1.9600175208327768,2.3057083262149094
war_rate,all,2020->21,history+stats22,23,138.9495494373136,275,True,,,279,1.688253031639314,1.5379647672663332,1.839610914601247,2.118559656385751,1.9441415636957193,2.2926127363658395
war_rate,all,2020->21,history+stats22+context,25,193.06977288832496,275,True,,,279,1.6934398029549753,1.5403248172832196,1.8452253280796058,2.1232076320998634,1.946142505787066,2.2981793097815673
war_rate,all,2020->21,representative5,5,0.001,275,True,,,279,1.7458796167339605,1.5905769375534864,1.901456521616779,2.1694620196144463,1.993930721169087,2.342833197124506
war_rate,all,2020->21,scalar,1,0.001,275,True,,,279,1.7523219029877648,1.6097690272559386,1.9040566262493526,2.160430112463748,1.9832433643177103,2.33921557601185
war_rate,all,2020->21,stats22,22,138.9495494373136,275,True,,,279,1.7400993103354523,1.5898597232240683,1.8945226869523528,2.1626160874995617,1.9835920980580668,2.340319331547432
war_rate,all,2020->21,train_PCA5,5,13.89495494373136,275,True,,,279,1.7341853339036815,1.5820307657057997,1.8891403106894036,2.1535356188362997,1.9753608916898482,2.337346128216058
war_rate,all,2021->22,B2V,5,0.001,554,False,,,354,1.6290291835951034,1.4936245061520332,1.774539745909676,2.1135217662769636,1.9415242410735527,2.29048409625723
war_rate,all,2021->22,DefenseDef,5,0.001,554,False,,,354,1.6082656804420867,1.474542633071102,1.75288134719777,2.0918792952585834,1.9164574559051941,2.269846869570055
war_rate,all,2021->22,DefenseFld,5,71.96856730011514,554,False,,,354,1.6738039068372152,1.5363974025612783,1.8206702918626412,2.1517782992621504,1.9778080173257273,2.329393894163684
war_rate,all,2021->22,FldBsR,5,37.27593720314938,554,False,,,354,1.6668499894834936,1.5285063188877734,1.8129774938435812,2.142991843509384,1.9724096248213963,2.3210535622967283
war_rate,all,2021->22,Offense3,3,37.27593720314938,554,False,,,354,1.7654919547610384,1.6257621320505646,1.9166871993539263,2.2418088954300823,2.070587631771764,2.4206497834294445
war_rate,all,2021->22,PerPA,5,19.306977288832496,554,False,,,354,1.6710433849945574,1.5278800042133929,1.8213664220298595,2.154451406241176,1.9812076953263,2.3328213384729377
war_rate,all,2021->22,SpeedBsR,5,0.001,554,False,,,354,1.62383037621802,1.4880195215816898,1.7696205974622115,2.106246998193704,1.9335774184250907,2.281522187447818
war_rate,all,2021->22,SpeedNoUBR,5,0.001,554,False,,,354,1.6348286325659165,1.4988982545036695,1.7811060548572444,2.117443986614791,1.9441188674486132,2.2954043064663443
war_rate,all,2021->22,history,1,0.001,554,False,,,354,1.5651758375633806,1.431905347872395,1.7080175416314114,2.0370662543003526,1.8669683885004305,2.2201862638297896
war_rate,all,2021->22,history+B2V,6,0.001,554,False,,,354,1.5587712825012752,1.4233755319925667,1.6994410019949975,2.0370400216733873,1.8636758360921264,2.2161433961301453
war_rate,all,2021->22,history+B2V+context,8,13.89495494373136,554,False,,,354,1.5341367124233287,1.4029341831873592,1.6766772949910402,2.0039053459798275,1.8290375992648538,2.1822705141731613
war_rate,all,2021->22,history+representative5,6,0.001,554,False,,,354,1.5610058563189373,1.4252712647472172,1.7071144430099214,2.0410757474039194,1.8647260019752387,2.226324475243414
war_rate,all,2021->22,history+stats22,23,26.82695795279722,554,False,,,354,1.5459732969314182,1.4113272978504945,1.6848048754003717,2.019365470379583,1.852312055712187,2.190778856921356
war_rate,all,2021->22,history+stats22+context,25,26.82695795279722,554,False,,,354,1.519839643291514,1.386080915007568,1.6584110892776127,1.992623362766433,1.8282706485273255,2.164137428466243
war_rate,all,2021->22,representative5,5,10.0,554,False,,,354,1.671463884664601,1.5296284947070564,1.8230428348987495,2.163944328442841,1.989138504762813,2.3503579073031142
war_rate,all,2021->22,scalar,1,0.001,554,False,,,354,1.642617063903881,1.5030455363563042,1.7974610640120843,2.1410408440225424,1.9633723830500032,2.3322064516838696
war_rate,all,2021->22,stats22,22,19.306977288832496,554,False,,,354,1.607999494974758,1.4697346755714236,1.7540438534377538,2.093685348035219,1.923061045778912,2.2661752787271223
war_rate,all,2021->22,train_PCA5,5,26.82695795279722,554,False,,,354,1.6352175567250034,1.4991025121564918,1.78182231377163,2.119417928135798,1.9488638181365034,2.2957370239697164
war_rate,all,2022->23,B2V,5,0.001,908,False,,,353,1.5323763057368873,1.4154167489440717,1.6556802616503645,1.9512700413277242,1.815352107666039,2.0945390425210784
war_rate,all,2022->23,DefenseDef,5,0.001,908,False,,,353,1.5282950127556643,1.4139006171864872,1.6540630174606992,1.939151245712353,1.8052689888028421,2.0856586493997624
war_rate,all,2022->23,DefenseFld,5,0.001,908,False,,,353,1.546788832697166,1.4323065582556853,1.6740038936131607,1.9706177698931484,1.8328486663429502,2.114983493117649
war_rate,all,2022->23,FldBsR,5,0.001,908,False,,,353,1.5476248602711162,1.432468774353641,1.6773013835756352,1.981258289813278,1.8422725806579319,2.1244880024578707
war_rate,all,2022->23,Offense3,3,51.794746792312125,908,False,,,353,1.6459677120453997,1.5191618491218766,1.782372314786383,2.0915570108128625,1.945116089243321,2.249386821903198
war_rate,all,2022->23,PerPA,5,0.001,908,False,,,353,1.572188189694008,1.455045456874214,1.6987389018784547,2.0013752773931213,1.861355267352613,2.152947145002145
war_rate,all,2022->23,SpeedBsR,5,0.001,908,False,,,353,1.5330000268377948,1.415505620367019,1.658394287989591,1.9605868731921765,1.8254925264798454,2.105600382848744
war_rate,all,2022->23,SpeedNoUBR,5,0.001,908,False,,,353,1.537326644750271,1.421092246423891,1.6619177300940868,1.9555234347290025,1.8198361730947537,2.099734700717245
war_rate,all,2022->23,history,1,0.001,908,False,,,353,1.548826861582897,1.4294267277726826,1.6749898909705423,1.9754159193161103,1.8339947085357091,2.1278008262144508
war_rate,all,2022->23,history+B2V,6,0.001,908,False,,,353,1.5354656370533017,1.4244390041081396,1.6588437488454808,1.9448056148667763,1.807809152819214,2.0917639146098272
war_rate,all,2022->23,history+B2V+context,8,0.001,908,False,,,353,1.4700056908631354,1.355861966600932,1.5915183126685783,1.8868679074737895,1.7501166169353457,2.0337834614848003
war_rate,all,2022->23,history+representative5,6,0.001,908,False,,,353,1.5543240423930726,1.4399421314871588,1.6790296071621051,1.9639816574719706,1.8278096673523465,2.1130702377307324
war_rate,all,2022->23,history+stats22,23,26.82695795279722,908,False,,,353,1.492617801076251,1.3768315442884194,1.6200002392633754,1.9127985051204568,1.7712836725290722,2.067634030614182
war_rate,all,2022->23,history+stats22+context,25,37.27593720314938,908,False,,,353,1.4593801847583534,1.344307689072458,1.5796265920736035,1.8766179115218293,1.7343371891525148,2.031140217193878
war_rate,all,2022->23,representative5,5,26.82695795279722,908,False,,,353,1.5506028687516493,1.4349342365566276,1.6818894068424068,1.9869115553951535,1.8438876806635045,2.140460898288204
war_rate,all,2022->23,scalar,1,0.001,908,False,,,353,1.581408111993723,1.465656525353072,1.7086967562049538,2.0042377481443645,1.8666280330684744,2.158788369080844
war_rate,all,2022->23,stats22,22,19.306977288832496,908,False,,,353,1.4867432446474038,1.372875963813461,1.6080569744370548,1.8986570061154906,1.7637092216036736,2.0420865309326692
war_rate,all,2022->23,train_PCA5,5,0.001,908,False,,,353,1.5308623953376785,1.4142616125319767,1.6576995663502023,1.951654496768333,1.8149252068775632,2.098693450029387
war_rate,all,2023->24,B2V,5,0.001,1261,False,,,358,1.5988580018441996,1.4705079049269811,1.7489254720838763,2.0770638603642304,1.915017303845584,2.254452675738571
war_rate,all,2023->24,DefenseDef,5,0.001,1261,False,,,358,1.5708209329717782,1.441158330316926,1.7171110799856364,2.0540680809210965,1.8866657645530414,2.2282748482421177
war_rate,all,2023->24,DefenseFld,5,0.001,1261,False,,,358,1.6436734950582401,1.5194903216949456,1.794434930840854,2.113519657426539,1.9506730703315638,2.2943048525828087
war_rate,all,2023->24,FldBsR,5,0.001,1261,False,,,358,1.6432389421203635,1.5177816944117462,1.7949179394224268,2.111481768512018,1.9473477586880321,2.293228463355835
war_rate,all,2023->24,Offense3,3,7.196856730011514,1261,False,,,358,1.7467810115736118,1.6121824667008207,1.891739018088143,2.2229238269920333,2.044456263116867,2.4136754286842734
war_rate,all,2023->24,PerPA,5,0.001,1261,False,,,358,1.6600288560715042,1.536566161878359,1.8029087006268294,2.1075956184399667,1.9426386899614883,2.29258532316479
war_rate,all,2023->24,SpeedBsR,5,0.001,1261,False,,,358,1.5998992053826044,1.4724849486737202,1.7516329352829345,2.0760006907028288,1.9121868274470277,2.253990670183941
war_rate,all,2023->24,SpeedNoUBR,5,0.001,1261,False,,,358,1.5973993883439734,1.4714085930130563,1.749763990576463,2.0740529858741104,1.9102858607159592,2.252278634445461
war_rate,all,2023->24,history,1,0.001,1261,False,,,358,1.5911413162665822,1.4635902902627844,1.7389717737259547,2.078660241037395,1.9024863114491621,2.2715225620559223
war_rate,all,2023->24,history+B2V,6,0.001,1261,False,,,358,1.562680668968219,1.4363697492805776,1.7106695368217517,2.0454580337084822,1.8768383297318807,2.2294383336783583
war_rate,all,2023->24,history+B2V+context,8,51.794746792312125,1261,False,,,358,1.5647173974896753,1.4378608950136755,1.7101019043101269,2.0421116698863786,1.8742662884791905,2.21880795155577
war_rate,all,2023->24,history+representative5,6,0.001,1261,False,,,358,1.5611020895176195,1.4358094440671616,1.7077702770969245,2.0414978037548073,1.8723937293067592,2.2227702163031555
war_rate,all,2023->24,history+stats22,23,3.727593720314938,1261,False,,,358,1.5163124197223175,1.3911467688089092,1.6562491210696642,1.9696388793918416,1.7975784692895795,2.148084367444428
war_rate,all,2023->24,history+stats22+context,25,26.82695795279722,1261,False,,,358,1.514510765762173,1.386820019730768,1.6541374158048108,1.9740653476546155,1.8096423177800802,2.1465402124499877
war_rate,all,2023->24,representative5,5,0.001,1261,False,,,358,1.5813737076676366,1.4467192305499248,1.7343658574650644,2.0869504417951714,1.9165848267464753,2.2668278495652334
war_rate,all,2023->24,scalar,1,0.001,1261,False,,,358,1.6650896918470413,1.533784753942861,1.8169217273082179,2.1563183994971045,1.9836693521531523,2.344568438754501
war_rate,all,2023->24,stats22,22,5.179474679231207,1261,False,,,358,1.5282591242140884,1.4005965123750888,1.671596719411041,1.992586021420897,1.8275626530383933,2.16737853421872
war_rate,all,2023->24,train_PCA5,5,0.001,1261,False,,,358,1.5972382804709373,1.4719395813602132,1.7455952585238934,2.069657265855159,1.9064182152127809,2.246432576126496
war_rate,all,2024->25,B2V,5,26.82695795279722,1619,False,,,362,1.5806120075700045,1.4594570409680316,1.7162495442560162,2.0295722923254567,1.8666868427332783,2.2029689368487144
war_rate,all,2024->25,DefenseDef,5,13.89495494373136,1619,False,,,362,1.5687852080334053,1.4493251487864858,1.7015550259500165,2.0118384742576496,1.8501522135063049,2.181998615841085
war_rate,all,2024->25,DefenseFld,5,37.27593720314938,1619,False,,,362,1.6019434660882361,1.4782811253616543,1.7369890870629565,2.0597044328986893,1.8960069145526226,2.2337236905927247
war_rate,all,2024->25,FldBsR,5,0.001,1619,False,,,362,1.5984384043999142,1.4749445714277345,1.7348692214130044,2.058396348041776,1.8968475801546194,2.231169009934916
war_rate,all,2024->25,Offense3,3,138.9495494373136,1619,False,,,362,1.6784560041249785,1.5507929068623658,1.8215384262245373,2.1653309614777028,1.9903900370045307,2.3507713068235963
war_rate,all,2024->25,PerPA,5,10.0,1619,False,,,362,1.6055263038843504,1.484789116686436,1.7370155336347404,2.0664426417278277,1.9095960926317959,2.232210652817602
war_rate,all,2024->25,SpeedBsR,5,26.82695795279722,1619,False,,,362,1.5780495863874209,1.4560739568976702,1.7150169710382261,2.0287526810498937,1.8693394629260847,2.1980344481263625
war_rate,all,2024->25,SpeedNoUBR,5,37.27593720314938,1619,False,,,362,1.5777954449446112,1.455500631237057,1.7118311478669355,2.0279494340300284,1.8663288964086715,2.2009516615624474
war_rate,all,2024->25,history,1,0.001,1619,False,,,362,1.570387210118959,1.4480829472500811,1.7031330707519359,2.014378270297287,1.8533351025504479,2.1795445990918103
war_rate,all,2024->25,history+B2V,6,0.001,1619,False,,,362,1.549146807637108,1.4251879510668712,1.6803533589151793,1.986002620947327,1.8262069052462477,2.1517462679662693
war_rate,all,2024->25,history+B2V+context,8,13.89495494373136,1619,False,,,362,1.5292747669090265,1.4099962279336415,1.6583589483462233,1.964586507695817,1.8043007943849707,2.1254622180283205
war_rate,all,2024->25,history+representative5,6,0.001,1619,False,,,362,1.53562524074874,1.409880768994086,1.6700474405742733,1.9863826186862692,1.8240603627582577,2.1574406057514417
war_rate,all,2024->25,history+stats22,23,0.3727593720314938,1619,False,,,362,1.5170935502132483,1.399633386052048,1.6432073996878946,1.9253906715100668,1.7789244665336736,2.0801437003262833
war_rate,all,2024->25,history+stats22+context,25,13.89495494373136,1619,False,,,362,1.4957622686995018,1.3785350154561324,1.622056849437108,1.9118137568063507,1.7604003847829213,2.0681116201819965
war_rate,all,2024->25,representative5,5,7.196856730011514,1619,False,,,362,1.5664520776118525,1.441906761808108,1.7024755186245972,2.040841251966009,1.8728695190611633,2.2212119174473566
war_rate,all,2024->25,scalar,1,0.001,1619,False,,,362,1.5927916541607747,1.464868944396982,1.7336407831961131,2.0587035080301965,1.8864489494238847,2.243561036235616
war_rate,all,2024->25,stats22,22,1.0,1619,False,,,362,1.5305668859402604,1.4126223923873682,1.6532574087975893,1.9378916677395948,1.7867058737746135,2.0978154933624493
war_rate,all,2024->25,train_PCA5,5,26.82695795279722,1619,False,,,362,1.567393787857038,1.4461407186775692,1.701166330144735,2.0182826319312794,1.855672852198906,2.1923157182410655
war_rate,all,pooled,B2V,5,,,,re-fitted per fold,all rolling-origin test seasons,1706,1.6108549666300982,1.5514880322200844,1.6773144360934746,2.063536821219441,1.9889061652959368,2.1446687503273587
war_rate,all,pooled,DefenseDef,5,,,,re-fitted per fold,all rolling-origin test seasons,1706,1.5918270127553744,1.5333949255282977,1.6566105411358285,2.0398443696655635,1.964643247029368,2.119978835800511
war_rate,all,pooled,DefenseFld,5,,,,re-fitted per fold,all rolling-origin test seasons,1706,1.6416992081189978,1.5808555854962414,1.7093796945319697,2.096172544444339,2.0187099609791948,2.177292344399047
war_rate,all,pooled,FldBsR,5,,,,re-fitted per fold,all rolling-origin test seasons,1706,1.6384241438356744,1.5775829599084337,1.7070886187661312,2.0950937985264186,2.018543653658081,2.176200697035804
war_rate,all,pooled,Offense3,3,,,,re-fitted per fold,all rolling-origin test seasons,1706,1.7315293201408282,1.6649972409252873,1.8017760548730806,2.1970567745258602,2.116154662937635,2.2819204397477977
war_rate,all,pooled,PerPA,5,,,,re-fitted per fold,all rolling-origin test seasons,1706,1.6482902498598018,1.586084670881893,1.7135403779428142,2.099704735326917,2.0239724325469144,2.180519726374539
war_rate,all,pooled,SpeedBsR,5,,,,re-fitted per fold,all rolling-origin test seasons,1706,1.60730838769946,1.5476181111235472,1.674018017133046,2.0603153866009705,1.985980743682599,2.141501406823433
war_rate,all,pooled,SpeedNoUBR,5,,,,re-fitted per fold,all rolling-origin test seasons,1706,1.6124510048597887,1.5523343719376983,1.6790838850600944,2.064382884124501,1.9897738931436588,2.1451785165705357
war_rate,all,pooled,history,1,,,,re-fitted per fold,all rolling-origin test seasons,1706,1.5890479798554693,1.529598215268958,1.649734307560244,2.042342481839554,1.9673588331527874,2.1202766316334407
war_rate,all,pooled,history+B2V,6,,,,re-fitted per fold,all rolling-origin test seasons,1706,1.5723020797660732,1.5113939439653559,1.6334462841712667,2.020142075019266,1.9467916306283617,2.0970970255353345
war_rate,all,pooled,history+B2V+context,8,,,,re-fitted per fold,all rolling-origin test seasons,1706,1.5506054427410787,1.4902857342964833,1.6119219565225051,1.9978631093002472,1.9222769310789878,2.0754851770260454
war_rate,all,pooled,history+representative5,6,,,,re-fitted per fold,all rolling-origin test seasons,1706,1.5770999816523883,1.516028541824655,1.6391678630211919,2.0296263127353673,1.9551787874128597,2.1088827200369398
war_rate,all,pooled,history+stats22,23,,,,re-fitted per fold,all rolling-origin test seasons,1706,1.545849318967639,1.4883689039104986,1.60792206289327,1.9844320789705476,1.9131816302680287,2.0578398295751503
war_rate,all,pooled,history+stats22+context,25,,,,re-fitted per fold,all rolling-origin test seasons,1706,1.5294929304697598,1.471031900143903,1.5924565424893127,1.9705765118579464,1.8981739326397957,2.044159793972978
war_rate,all,pooled,representative5,5,,,,re-fitted per fold,all rolling-origin test seasons,1706,1.6174377962191562,1.5541786511869553,1.683296880970456,2.087102811926477,2.0057571864239203,2.1668477795996903
war_rate,all,pooled,scalar,1,,,,re-fitted per fold,all rolling-origin test seasons,1706,1.642036344417811,1.5797048967486076,1.7082013832115652,2.1025598044005993,2.0220885378099855,2.1847174902206397
war_rate,all,pooled,stats22,22,,,,re-fitted per fold,all rolling-origin test seasons,1706,1.5713492809755023,1.5129871013730065,1.6335209066529177,2.012565808535713,1.9403311846282485,2.0878128534766938
war_rate,all,pooled,train_PCA5,5,,,,re-fitted per fold,all rolling-origin test seasons,1706,1.607448419933659,1.5486294292703877,1.6718855283003649,2.059591187291838,1.9866790192245796,2.1399583159440243
war_rate,no2020,2022->23,B2V,5,0.001,354,False,,,353,1.535796545751926,1.42310117040396,1.6553137457685152,1.9248559775061829,1.7981494387068047,2.064568862577991
war_rate,no2020,2022->23,DefenseDef,5,0.001,354,False,,,353,1.5257085744580419,1.4148514702679806,1.644404979278389,1.9104792468870824,1.782120975947486,2.050035610596491
war_rate,no2020,2022->23,DefenseFld,5,0.2682695795279725,354,False,,,353,1.5499999415050865,1.4399365284913432,1.6714178725735778,1.9444308331508984,1.8157507358060914,2.0814210765702263
war_rate,no2020,2022->23,FldBsR,5,0.001,354,False,,,353,1.5512571028669533,1.4380523063088002,1.6754678058671342,1.9504717934236364,1.8210162143600719,2.0900065196929685
war_rate,no2020,2022->23,Offense3,3,10.0,354,False,,,353,1.6483636628579397,1.523964578276728,1.7787312852032133,2.0685271512272627,1.9271635420969078,2.2195646471247645
war_rate,no2020,2022->23,PerPA,5,10.0,354,False,,,353,1.572779050064145,1.4617338996401985,1.6935997553189697,1.9689881448432691,1.8382111927108185,2.1119347766403282
war_rate,no2020,2022->23,SpeedBsR,5,0.001,354,False,,,353,1.5333285879068874,1.4206498473687998,1.654226216870364,1.929680498833981,1.8011366800492086,2.0665916356479985
war_rate,no2020,2022->23,SpeedNoUBR,5,0.001,354,False,,,353,1.5429450516219934,1.4312096539117292,1.6615338161200985,1.930383159846571,1.8034498567351807,2.068022187242248
war_rate,no2020,2022->23,history,1,0.001,354,False,,,353,1.5407606504787321,1.4240071277577673,1.66570833807832,1.9545280751895542,1.8205778299125246,2.100643482123209
war_rate,no2020,2022->23,history+B2V,6,19.306977288832496,354,False,,,353,1.5419848490215808,1.4326659064416936,1.662948262612566,1.9348163091114337,1.8044520712198273,2.076356372551256
war_rate,no2020,2022->23,history+B2V+context,8,13.89495494373136,354,False,,,353,1.4561907637505003,1.3463999046691788,1.5763747407855881,1.8568941342384835,1.7230395355544208,1.9953807035417157
war_rate,no2020,2022->23,history+representative5,6,5.179474679231207,354,False,,,353,1.5779510079152956,1.4660547381482003,1.7021663763426322,1.9790451088021448,1.8449004167027434,2.1255292143997906
war_rate,no2020,2022->23,history+stats22,23,37.27593720314938,354,False,,,353,1.5326540053462732,1.4211719855425327,1.6552854194925344,1.939035293011652,1.8016956610911081,2.0899612358383517
war_rate,no2020,2022->23,history+stats22+context,25,37.27593720314938,354,False,,,353,1.4913142426008916,1.3767777374045798,1.606661847480297,1.8868133341087028,1.746245656853467,2.0327121823449343
war_rate,no2020,2022->23,representative5,5,7.196856730011514,354,False,,,353,1.5464643012927497,1.434664736580769,1.6684675674208818,1.9598943071120674,1.8254203916279206,2.1050209694669157
war_rate,no2020,2022->23,scalar,1,0.001,354,False,,,353,1.574351481692257,1.461344228567422,1.698180530230009,1.9858362922844435,1.8518551660050562,2.135687210405572
war_rate,no2020,2022->23,stats22,22,37.27593720314938,354,False,,,353,1.523834621679069,1.414979216154159,1.6448009907959396,1.9153725134348036,1.7850148371012478,2.0586317283942015
war_rate,no2020,2022->23,train_PCA5,5,0.001,354,False,,,353,1.535269728962718,1.4216172209955973,1.6535948127789475,1.925064169885936,1.7963173957185041,2.0646947161017994
war_rate,no2020,2023->24,B2V,5,13.89495494373136,707,False,,,358,1.604929468076794,1.4778293420060202,1.7516601644433343,2.067982692284524,1.9092531962639026,2.24079793474486
war_rate,no2020,2023->24,DefenseDef,5,0.001,707,False,,,358,1.5801851707061245,1.4517259223382972,1.724554334638151,2.0448925124450232,1.8830644231594833,2.2102451910223535
war_rate,no2020,2023->24,DefenseFld,5,37.27593720314938,707,False,,,358,1.6392351698253111,1.5094020004378619,1.7846542620939585,2.1044198379295644,1.9471089872202962,2.278774668880908
war_rate,no2020,2023->24,FldBsR,5,37.27593720314938,707,False,,,358,1.6437180673010703,1.5156158871368395,1.7903875179611566,2.1021267435002797,1.9420245106899987,2.2804512741158987
war_rate,no2020,2023->24,Offense3,3,37.27593720314938,707,False,,,358,1.743906339152501,1.6090579224425954,1.8859484266517175,2.2122143813932764,2.036854859796376,2.4003328204230923
war_rate,no2020,2023->24,PerPA,5,51.794746792312125,707,False,,,358,1.6532398811919573,1.5278514095090048,1.7936021784239267,2.101287842776896,1.941655681618964,2.2788050196320744
war_rate,no2020,2023->24,SpeedBsR,5,0.001,707,False,,,358,1.6110954721410826,1.485926510439393,1.7559747473591856,2.0666063188285433,1.9085354366619447,2.240082306593629
war_rate,no2020,2023->24,SpeedNoUBR,5,26.82695795279722,707,False,,,358,1.5960265277529586,1.4692341511198157,1.743705247038466,2.0630794324300457,1.9004561086943244,2.2349233623748654
war_rate,no2020,2023->24,history,1,0.001,707,False,,,358,1.5917773727109277,1.4613884114827278,1.7366664840726191,2.0760736907214077,1.9033306437185915,2.265310472735091
war_rate,no2020,2023->24,history+B2V,6,19.306977288832496,707,False,,,358,1.5664947927666772,1.4425513703410513,1.7123832453764483,2.0367212489532305,1.8774022962153536,2.213509042285486
war_rate,no2020,2023->24,history+B2V+context,8,71.96856730011514,707,False,,,358,1.5800853272855298,1.4533128722478494,1.720902187640187,2.0450770322509753,1.8818657489087143,2.215313683750611
war_rate,no2020,2023->24,history+representative5,6,13.89495494373136,707,False,,,358,1.5629766784399366,1.4372333369789352,1.7044185583819547,2.034531038067704,1.8724732779226108,2.2162452858593658
war_rate,no2020,2023->24,history+stats22,23,37.27593720314938,707,False,,,358,1.5403875166810332,1.4176867202639258,1.6793757708569577,1.9909268867936616,1.8277525307156104,2.1600440439796107
war_rate,no2020,2023->24,history+stats22+context,25,51.794746792312125,707,False,,,358,1.5506026309000043,1.4261368192430963,1.6894186434454546,2.0005692583203887,1.8397576656731314,2.1721522306921663
war_rate,no2020,2023->24,representative5,5,7.196856730011514,707,False,,,358,1.5862422904078348,1.451402825941341,1.7352139068366506,2.077310817590603,1.9099827572617765,2.250888922589654
war_rate,no2020,2023->24,scalar,1,0.001,707,False,,,358,1.6689526782306978,1.5329806232882983,1.820550000857149,2.1565994914677655,1.987730530146766,2.334189578856631
war_rate,no2020,2023->24,stats22,22,13.89495494373136,707,False,,,358,1.557140790464238,1.4304727498385497,1.695473315411433,2.011289381175939,1.846292896421466,2.177841110618449
war_rate,no2020,2023->24,train_PCA5,5,26.82695795279722,707,False,,,358,1.6027788651726789,1.4771310048169903,1.7480276361593339,2.062751413589978,1.9053692104092785,2.2334029149214474
war_rate,no2020,2024->25,B2V,5,51.794746792312125,1065,False,,,362,1.5792319978599343,1.4571698868013985,1.7134648262752652,2.030933220867361,1.871571276697282,2.2029270539181245
war_rate,no2020,2024->25,DefenseDef,5,10.0,1065,False,,,362,1.5695832925647961,1.4486924985386258,1.700267218860861,2.012509253427943,1.852334666385476,2.180836725955199
war_rate,no2020,2024->25,DefenseFld,5,71.96856730011514,1065,False,,,362,1.601732194402239,1.4810563902574956,1.7364314390088538,2.0616850397816635,1.9022027247639999,2.2339327175774812
war_rate,no2020,2024->25,FldBsR,5,37.27593720314938,1065,False,,,362,1.5981846784979121,1.4766624914978626,1.7336155327757263,2.0602087065269172,1.901724532399106,2.2318271675471366
war_rate,no2020,2024->25,Offense3,3,138.9495494373136,1065,False,,,362,1.6812794971369325,1.5556016036602012,1.8239968480087734,2.1647689341987952,1.9948819983924453,2.3477384632202805
war_rate,no2020,2024->25,PerPA,5,71.96856730011514,1065,False,,,362,1.6092665011413987,1.4885025876036788,1.7437662810320695,2.068687420352249,1.9161463131119456,2.2334516735397725
war_rate,no2020,2024->25,SpeedBsR,5,26.82695795279722,1065,False,,,362,1.5775607422990505,1.455470551916582,1.7116239896006025,2.0302922858663344,1.8745863116056012,2.1986887421649297
war_rate,no2020,2024->25,SpeedNoUBR,5,51.794746792312125,1065,False,,,362,1.5779263633390237,1.4570415375415042,1.7120575455117042,2.0293625156826955,1.8701307409470416,2.199545754723123
war_rate,no2020,2024->25,history,1,0.001,1065,False,,,362,1.573854549551934,1.4526897824436886,1.708572227511943,2.013188051766646,1.8545433085886065,2.174754448413441
war_rate,no2020,2024->25,history+B2V,6,71.96856730011514,1065,False,,,362,1.5493562142174349,1.4271957718612798,1.680427052071306,1.9892586379262385,1.8315359889041292,2.155595534362198
war_rate,no2020,2024->25,history+B2V+context,8,71.96856730011514,1065,False,,,362,1.5323310529756495,1.412088254418244,1.6652686549013713,1.9694547614708844,1.813996093849021,2.1272433003789324
war_rate,no2020,2024->25,history+representative5,6,71.96856730011514,1065,False,,,362,1.5352750155422994,1.4101541465619982,1.670370693588348,1.9865008027833635,1.8226823274210582,2.1551291652782716
war_rate,no2020,2024->25,history+stats22,23,0.0719685673001151,1065,False,,,362,1.5255892414587122,1.4091238275358378,1.6490917731161032,1.9313656954988918,1.7874309354596531,2.079150654143666
war_rate,no2020,2024->25,history+stats22+context,25,71.96856730011514,1065,False,,,362,1.5049047983331367,1.3854804609245899,1.6292202614857803,1.9200963167324834,1.7736087864136902,2.069126759458822
war_rate,no2020,2024->25,representative5,5,3.727593720314938,1065,False,,,362,1.571813296631407,1.4460505562020973,1.7087062454599418,2.0394802747215377,1.8744272651746363,2.2170032444839793
war_rate,no2020,2024->25,scalar,1,0.001,1065,False,,,362,1.5970376815719924,1.469807596330533,1.7392984270885439,2.0586430236669564,1.8908930705328553,2.2392721442874373
war_rate,no2020,2024->25,stats22,22,0.1930697728883249,1065,False,,,362,1.545974996222257,1.4296705237380707,1.6702539548633115,1.940956319371562,1.7987563277801628,2.0918921839632443
war_rate,no2020,2024->25,train_PCA5,5,37.27593720314938,1065,False,,,362,1.5644243859043734,1.44299410751796,1.6980502809544535,2.018901423965842,1.8583293366631533,2.1895347983517444
war_rate,no2020,pooled,B2V,5,,,,re-fitted per fold,all rolling-origin test seasons,1073,1.5735162287485727,1.4963137794000312,1.6528758697248096,2.009305785809404,1.915743224708398,2.1070771368572023
war_rate,no2020,pooled,DefenseDef,5,,,,re-fitted per fold,all rolling-origin test seasons,1073,1.5586864583457014,1.4828448059323378,1.6387558249500378,1.9905656420435855,1.8967949947242198,2.0907775719884687
war_rate,no2020,pooled,DefenseFld,5,,,,re-fitted per fold,all rolling-origin test seasons,1073,1.597225745128022,1.5183198772224882,1.6778446120617372,2.038482615030497,1.9408190929698341,2.138899659566007
war_rate,no2020,pooled,FldBsR,5,,,,re-fitted per fold,all rolling-origin test seasons,1073,1.5979381910736834,1.5193111439595086,1.6794859988254702,2.03908819973207,1.9421264802190457,2.1381865907397057
war_rate,no2020,pooled,Offense3,3,,,,re-fitted per fold,all rolling-origin test seasons,1073,1.6913457785358972,1.6121243647635448,1.7781729696321351,2.1497620757448805,2.0444248510811027,2.2559480664838927
war_rate,no2020,pooled,PerPA,5,,,,re-fitted per fold,all rolling-origin test seasons,1073,1.6119341617451541,1.5351635539722062,1.6920416984533817,2.0475327898782463,1.9494230186588708,2.1454813892732267
war_rate,no2020,pooled,SpeedBsR,5,,,,re-fitted per fold,all rolling-origin test seasons,1073,1.5741977253214305,1.4970152786450455,1.6535272148906135,2.0101370036302626,1.9166684928749231,2.1093457628250376
war_rate,no2020,pooled,SpeedNoUBR,5,,,,re-fitted per fold,all rolling-origin test seasons,1073,1.5724570770613695,1.4962325780820558,1.6521018378354002,2.008833033050438,1.9134141964148663,2.107356176235473
war_rate,no2020,pooled,history,1,,,,re-fitted per fold,all rolling-origin test seasons,1073,1.5689470232873297,1.4901294828514418,1.6506637283529095,2.015478811651262,1.9167616916513548,2.117031955371789
war_rate,no2020,pooled,history+B2V,6,,,,re-fitted per fold,all rolling-origin test seasons,1073,1.5526493355655173,1.476008133903093,1.630088528921043,1.9876169170830433,1.8905683631748096,2.085221960815447
war_rate,no2020,pooled,history+B2V+context,8,,,,re-fitted per fold,all rolling-origin test seasons,1073,1.523215030707671,1.4485462360414867,1.5998862882168048,1.959170777570508,1.8622875119680589,2.054511489775678
war_rate,no2020,pooled,history+representative5,6,,,,re-fitted per fold,all rolling-origin test seasons,1073,1.5585572342049479,1.4818636266391374,1.6382228624543587,2.0002239275172706,1.904635080538969,2.097205638777231
war_rate,no2020,pooled,history+stats22,23,,,,re-fitted per fold,all rolling-origin test seasons,1073,1.5328507924204084,1.4586301310129455,1.6094186756915745,1.9539405995898498,1.861465301981865,2.045417909713394
war_rate,no2020,pooled,history+stats22+context,25,,,,re-fitted per fold,all rolling-origin test seasons,1073,1.5156805279561152,1.4439277190300333,1.5890690403576253,1.9365828164040417,1.8432235509517394,2.0272990062803613
war_rate,no2020,pooled,representative5,5,,,,re-fitted per fold,all rolling-origin test seasons,1073,1.5682880258181873,1.4902271552780908,1.6506954065196342,2.0265063381454884,1.9298862581544063,2.1251405093353704
war_rate,no2020,pooled,scalar,1,,,,re-fitted per fold,all rolling-origin test seasons,1073,1.6135682875796995,1.5319989552236706,1.6964050934725323,2.068550628574849,1.969200247562358,2.1681851931404803
war_rate,no2020,pooled,stats22,22,,,,re-fitted per fold,all rolling-origin test seasons,1073,1.5424165639062122,1.4688547262717242,1.6184398471510102,1.9564248515666927,1.8672897923344536,2.0469449540969267
war_rate,no2020,pooled,train_PCA5,5,,,,re-fitted per fold,all rolling-origin test seasons,1073,1.5676297071323781,1.4916808740057461,1.6463950242388363,2.003478141311971,1.9092432330159892,2.100147621330869
wrc_plus,all,2020->21,B2V,5,0.001,275,True,,,279,19.877607330399425,18.119456682867327,21.574038849080274,24.907618161999245,22.70556472056169,27.11417695679881
wrc_plus,all,2020->21,DefenseDef,5,0.001,275,True,,,279,19.88848569513235,18.129731611942688,21.593539974308975,24.912029579618935,22.700150432652098,27.1252245156177
wrc_plus,all,2020->21,DefenseFld,5,1.3894954943731377,275,True,,,279,19.881882033638696,18.122321641886078,21.571372660935506,24.912784910416182,22.711696527579846,27.108079607026617
wrc_plus,all,2020->21,FldBsR,5,0.001,275,True,,,279,19.86599006173142,18.09727871976357,21.584845813742824,24.890504927890092,22.66681958258876,27.11044249636482
wrc_plus,all,2020->21,Offense3,3,0.0193069772888324,275,True,,,279,19.8808025236099,18.13451221249461,21.602029211801447,24.93593660091339,22.728975904907774,27.1312306010323
wrc_plus,all,2020->21,PerPA,5,0.001,275,True,,,279,19.88294131612974,18.13533169483672,21.608508368757846,24.93551718670902,22.72802064800868,27.139912540963405
wrc_plus,all,2020->21,SpeedBsR,5,0.001,275,True,,,279,19.87588078808437,18.11009951900639,21.591401982599802,24.89510574287066,22.66586655440315,27.110200522416253
wrc_plus,all,2020->21,SpeedNoUBR,5,0.001,275,True,,,279,19.87834853460039,18.11379239616371,21.59291092642996,24.918237600362165,22.718315921996915,27.101349851212763
wrc_plus,all,2020->21,history,1,71.96856730011514,275,True,,,279,20.116988884197042,18.362525140053414,21.95717871442356,25.596430675153883,23.453946313527887,27.76775629019595
wrc_plus,all,2020->21,history+B2V,6,100.0,275,True,,,279,19.83032156368791,18.08328711918497,21.592314886302724,24.951184711923055,22.768777774984393,27.12157718726034
wrc_plus,all,2020->21,history+B2V+context,8,268.26957952797216,275,True,,,279,20.20162334614559,18.47962214297329,22.01565051695583,25.45781054414,23.303211488676265,27.63365430953842
wrc_plus,all,2020->21,history+representative5,6,193.06977288832496,275,True,,,279,20.374623486327376,18.594149640550693,22.175252679319826,25.678221876890888,23.49719883898814,27.83790890690902
wrc_plus,all,2020->21,history+stats22,23,517.9474679231203,275,True,,,279,20.315584670113935,18.59714068612139,22.14228971561416,25.399917969049962,23.242381860893584,27.597884981572186
wrc_plus,all,2020->21,history+stats22+context,25,517.9474679231203,275,True,,,279,20.24844665598293,18.517893237835334,22.071943204557027,25.36356764698379,23.195014211970076,27.584908106039897
wrc_plus,all,2020->21,representative5,5,100.0,275,True,,,279,21.001322750262027,19.296389401861727,22.796833898737514,26.215572497994017,24.032028247340946,28.368488641192624
wrc_plus,all,2020->21,scalar,1,13.89495494373136,275,True,,,279,20.7824694541708,18.980668925796614,22.577460743751097,26.180892305729436,23.911701544102115,28.39042188429563
wrc_plus,all,2020->21,stats22,22,517.9474679231203,275,True,,,279,20.577046504895492,18.833967952158904,22.38066348352938,25.663033294376323,23.442265337510392,27.87143453141722
wrc_plus,all,2020->21,train_PCA5,5,0.001,275,True,,,279,19.914209733864492,18.181620923135693,21.605968903495082,24.92967847996962,22.72362423094536,27.151187434673062
wrc_plus,all,2021->22,B2V,5,0.001,554,False,,,354,19.333059243094095,17.67696832921196,21.120470897280732,25.120920040548796,22.80515100527426,27.779414377536803
wrc_plus,all,2021->22,DefenseDef,5,0.001,554,False,,,354,19.336432549961405,17.678923767301352,21.12410371671422,25.114766533147243,22.79185277640693,27.773851551602373
wrc_plus,all,2021->22,DefenseFld,5,0.001,554,False,,,354,19.326652022358473,17.660271000677128,21.119730737772276,25.123557123091757,22.79343456684931,27.779675804476845
wrc_plus,all,2021->22,FldBsR,5,0.001,554,False,,,354,19.30755218086368,17.647017100746545,21.091131196152336,25.089224336907492,22.77684789740625,27.717892968740152
wrc_plus,all,2021->22,Offense3,3,0.001,554,False,,,354,19.361121646365476,17.72188447390932,21.12657549777164,25.146712995334266,22.82312012255476,27.800971638064183
wrc_plus,all,2021->22,PerPA,5,0.001,554,False,,,354,19.312239895402627,17.663594320899005,21.106787996060365,25.122263447948146,22.769013427060095,27.77514182883326
wrc_plus,all,2021->22,SpeedBsR,5,0.001,554,False,,,354,19.309205039087605,17.651948720784453,21.091588978015054,25.085951934993385,22.780843932716746,27.712884933292308
wrc_plus,all,2021->22,SpeedNoUBR,5,0.001,554,False,,,354,19.35158306347392,17.694764664352693,21.133701843350902,25.13444394405406,22.816524908851218,27.78345261382994
wrc_plus,all,2021->22,history,1,0.001,554,False,,,354,18.987280344023137,17.428047034367808,20.745952826526562,24.382554304866424,21.97643999533398,27.18746151188314
wrc_plus,all,2021->22,history+B2V,6,19.306977288832496,554,False,,,354,18.864165590002223,17.24561926149401,20.578100076336035,24.37746262623486,22.012876226808917,27.101925271872677
wrc_plus,all,2021->22,history+B2V+context,8,51.794746792312125,554,False,,,354,18.821216605452932,17.215156455546882,20.56008845067049,24.340210324591364,21.992422158358792,27.10953616339673
wrc_plus,all,2021->22,history+representative5,6,0.001,554,False,,,354,19.276609094796324,17.67780454607752,21.02993797172642,24.720973078556987,22.323511682966785,27.463410290630545
wrc_plus,all,2021->22,history+stats22,23,26.82695795279722,554,False,,,354,18.584005476645064,17.0507271644772,20.264928471266007,23.917795719282072,21.774053070981598,26.36851740204625
wrc_plus,all,2021->22,history+stats22+context,25,37.27593720314938,554,False,,,354,18.48932675057413,16.946481467180554,20.182835973571624,23.85520823564181,21.69366757867306,26.351867414460486
wrc_plus,all,2021->22,representative5,5,0.001,554,False,,,354,20.85352619206591,19.116997894627552,22.66293059482175,26.644243530110924,24.225245321442653,29.26188931448581
wrc_plus,all,2021->22,scalar,1,0.001,554,False,,,354,20.126834723204276,18.428927345590708,21.969511729658844,26.098273703541352,23.6377745604641,28.81244407077163
wrc_plus,all,2021->22,stats22,22,26.82695795279722,554,False,,,354,19.269094944778505,17.640810045632712,21.05531700650563,24.945492241553858,22.797029194430042,27.396067547413825
wrc_plus,all,2021->22,train_PCA5,5,0.001,554,False,,,354,19.34214767157219,17.685902720812756,21.15195637295985,25.154075477078237,22.82151688296421,27.817721169537727
wrc_plus,all,2022->23,B2V,5,0.001,908,False,,,353,18.801976196030385,17.35863995737851,20.38164185915598,23.742629137467834,21.99020804958383,25.63846480953729
wrc_plus,all,2022->23,DefenseDef,5,0.001,908,False,,,353,18.771093699148278,17.337080217202875,20.34397129526926,23.713210346920185,21.954206881003817,25.606396899042423
wrc_plus,all,2022->23,DefenseFld,5,0.001,908,False,,,353,18.81962520845801,17.377251183959835,20.39529775844374,23.756887077578046,22.007021873833004,25.649386173660652
wrc_plus,all,2022->23,FldBsR,5,0.001,908,False,,,353,18.84873982376705,17.415505075695616,20.416222219824697,23.741657416561516,22.00390475498472,25.615601880667423
wrc_plus,all,2022->23,Offense3,3,0.001,908,False,,,353,18.926561670396346,17.46583380347322,20.508912819841896,23.915947760599426,22.13886787472107,25.845489122153598
wrc_plus,all,2022->23,PerPA,5,0.001,908,False,,,353,18.79886722525299,17.377959599807237,20.361718430489873,23.73448192172897,22.001594394808613,25.614836240426552
wrc_plus,all,2022->23,SpeedBsR,5,0.001,908,False,,,353,18.827862496229802,17.396277290479393,20.388785439984552,23.72545186818954,21.98738450888759,25.59944203850081
wrc_plus,all,2022->23,SpeedNoUBR,5,0.7196856730011514,908,False,,,353,18.83739416361053,17.39584332061044,20.419100281217414,23.788633069528096,22.031974051839974,25.692411502071494
wrc_plus,all,2022->23,history,1,0.001,908,False,,,353,18.81880588879166,17.322312331342797,20.44201072929316,23.956022257679546,22.19757283782897,25.803482136471246
wrc_plus,all,2022->23,history+B2V,6,0.1930697728883249,908,False,,,353,18.576422252115446,17.13417908171226,20.12427708026378,23.490758887524926,21.79165569268511,25.29642266951215
wrc_plus,all,2022->23,history+B2V+context,8,5.179474679231207,908,False,,,353,18.327026365385876,16.891854890609032,19.872556168166916,23.18309446409678,21.469540322763162,24.969885339243916
wrc_plus,all,2022->23,history+representative5,6,0.001,908,False,,,353,18.548412334544153,17.086525658709345,20.140240549067215,23.59427680727765,21.83694102421522,25.441263633200553
wrc_plus,all,2022->23,history+stats22,23,13.89495494373136,908,False,,,353,18.278584635844226,16.82191251367646,19.841526859585585,23.340755891527312,21.543983301008232,25.219760783256614
wrc_plus,all,2022->23,history+stats22+context,25,19.306977288832496,908,False,,,353,18.114612964214455,16.65939499295479,19.637008025808523,23.12626829938819,21.350736902639692,24.992694217115186
wrc_plus,all,2022->23,representative5,5,37.27593720314938,908,False,,,353,18.891062756436877,17.426986252412313,20.58666464770028,24.220025500186104,22.345694109333046,26.22002091896206
wrc_plus,all,2022->23,scalar,1,0.001,908,False,,,353,19.370128720277872,17.850826445934384,21.02328742630144,24.91204313997381,23.036945060009476,26.8693850322026
wrc_plus,all,2022->23,stats22,22,26.82695795279722,908,False,,,353,18.34369619290584,16.912020212692525,19.897967272763932,23.396663986773262,21.62907459256654,25.287292649359546
wrc_plus,all,2022->23,train_PCA5,5,0.001,908,False,,,353,18.696952079578,17.253808204826115,20.274629838886522,23.65969575618074,21.896910371968783,25.53633755747001
wrc_plus,all,2023->24,B2V,5,5.179474679231207,1261,False,,,358,19.1172918970229,17.55049853034016,20.85207183511457,24.878831934031947,22.779701383536633,26.961438212571597
wrc_plus,all,2023->24,DefenseDef,5,0.7196856730011514,1261,False,,,358,19.091350545164108,17.51593237945436,20.82123992129398,24.859222330714875,22.75356545019164,26.95444431428471
wrc_plus,all,2023->24,DefenseFld,5,10.0,1261,False,,,358,19.143667782809583,17.581091301959997,20.886771223059856,24.899163641392175,22.7954035112143,26.972505258648113
wrc_plus,all,2023->24,FldBsR,5,0.001,1261,False,,,358,19.121571242451335,17.567881577042954,20.840232766264347,24.89123929130222,22.78692886332421,26.979679555640075
wrc_plus,all,2023->24,Offense3,3,19.306977288832496,1261,False,,,358,19.19533214003667,17.65254603036888,20.884294773245436,24.951374999518517,22.81557006106882,27.094325190202774
wrc_plus,all,2023->24,PerPA,5,0.001,1261,False,,,358,19.143657731728354,17.568232465121888,20.859966150810568,24.922473540417027,22.8315327017566,27.038519991163085
wrc_plus,all,2023->24,SpeedBsR,5,0.001,1261,False,,,358,19.10231744572327,17.550045153029725,20.816910284144956,24.871339373648773,22.760953812866042,26.949646701300495
wrc_plus,all,2023->24,SpeedNoUBR,5,13.89495494373136,1261,False,,,358,19.070049789108534,17.511590621005162,20.804843179239878,24.865476169147538,22.763688401350773,26.972024878080763
wrc_plus,all,2023->24,history,1,0.001,1261,False,,,358,19.3033600604421,17.666006119113256,21.01373699529438,25.31674098634732,23.167637642545248,27.569903305666667
wrc_plus,all,2023->24,history+B2V,6,51.794746792312125,1261,False,,,358,18.857981750040224,17.297330842371682,20.5588888600676,24.667161905003773,22.55553252968744,26.765488445396286
wrc_plus,all,2023->24,history+B2V+context,8,51.794746792312125,1261,False,,,358,18.97491598897463,17.415817673727243,20.628730280377873,24.693329947364454,22.647426822495195,26.823781602027562
wrc_plus,all,2023->24,history+representative5,6,0.001,1261,False,,,358,19.029723886672304,17.435260782743697,20.762590017750178,24.89671183767358,22.80803288771535,27.04746696847583
wrc_plus,all,2023->24,history+stats22,23,51.794746792312125,1261,False,,,358,18.172212014746783,16.630048530745405,19.807745220530457,23.77324082788306,21.666149069253283,25.993998484018704
wrc_plus,all,2023->24,history+stats22+context,25,71.96856730011514,1261,False,,,358,18.282265619719183,16.764721946599177,19.924935731358747,23.777114949743183,21.685162698415,25.95116485342127
wrc_plus,all,2023->24,representative5,5,1.0,1261,False,,,358,19.831057672474135,18.226213027556085,21.624520459284792,25.636234967262734,23.537704028342198,27.777859444131632
wrc_plus,all,2023->24,scalar,1,0.001,1261,False,,,358,20.50173743659827,18.81253031340168,22.361489282556242,26.642541249862248,24.43501097272757,28.89380526318678
wrc_plus,all,2023->24,stats22,22,100.0,1261,False,,,358,18.5121000800633,16.961700015725256,20.218428469356606,24.11211748244103,22.070140167222025,26.168200954223657
wrc_plus,all,2023->24,train_PCA5,5,0.001,1261,False,,,358,19.075244631830433,17.50841553052565,20.791430752516163,24.770347892356774,22.685745261006442,26.85442130953982
wrc_plus,all,2024->25,B2V,5,19.306977288832496,1619,False,,,362,18.353645731532698,16.819174777554842,20.001878166383193,23.92347819484676,21.82588291819546,26.094660121459494
wrc_plus,all,2024->25,DefenseDef,5,0.001,1619,False,,,362,18.322631474609093,16.795631576801735,19.96684752822014,23.911398030470206,21.82956397098772,26.08381204468815
wrc_plus,all,2024->25,DefenseFld,5,26.82695795279722,1619,False,,,362,18.385040591797015,16.83836635417508,20.023070571621258,23.93533949708043,21.85356405488557,26.097195274291156
wrc_plus,all,2024->25,FldBsR,5,10.0,1619,False,,,362,18.33006018786729,16.793302021032925,19.983163505690904,23.942001251095064,21.83983171957975,26.101303663329276
wrc_plus,all,2024->25,Offense3,3,10.0,1619,False,,,362,18.43456424555631,16.899169559043624,20.08996787892237,24.026035120867853,21.931678719330574,26.22663039049942
wrc_plus,all,2024->25,PerPA,5,3.727593720314938,1619,False,,,362,18.330906200754697,16.7801281120628,19.9743911833624,23.898501225396558,21.806759292187238,26.04053143783615
wrc_plus,all,2024->25,SpeedBsR,5,19.306977288832496,1619,False,,,362,18.305779691284858,16.755449231320217,19.961547442181814,23.93506994805222,21.854198022394783,26.10014102926992
wrc_plus,all,2024->25,SpeedNoUBR,5,19.306977288832496,1619,False,,,362,18.341482357922782,16.794092063862514,19.96971401335292,23.917880819203695,21.824418017792972,26.104511407105846
wrc_plus,all,2024->25,history,1,0.001,1619,False,,,362,19.012980768426253,17.47576986758545,20.718989096242314,24.415718322702745,22.44555708335076,26.52948724513459
wrc_plus,all,2024->25,history+B2V,6,13.89495494373136,1619,False,,,362,18.279213528436088,16.764066000908503,19.91422385295049,23.705448043675034,21.745063980575342,25.847886018124626
wrc_plus,all,2024->25,history+B2V+context,8,51.794746792312125,1619,False,,,362,18.28014281126857,16.798537884298913,19.890027729424116,23.625909450786743,21.703899549451958,25.763478682067817
wrc_plus,all,2024->25,history+representative5,6,0.001,1619,False,,,362,18.40386649612825,16.855729613061545,20.095942029340517,24.073389866678944,22.05948505827637,26.249749072190053
wrc_plus,all,2024->25,history+stats22,23,37.27593720314938,1619,False,,,362,17.80077593975985,16.313298770021046,19.359786361093796,22.95881227867461,21.11220761971582,24.751118387519792
wrc_plus,all,2024->25,history+stats22+context,25,51.794746792312125,1619,False,,,362,17.791795034351843,16.326005881772918,19.303480734903815,22.910300670819037,21.087306762221495,24.732478005889302
wrc_plus,all,2024->25,representative5,5,26.82695795279722,1619,False,,,362,18.746550359970414,17.169508740555035,20.456249135279315,24.726867969023374,22.492715879252827,27.093677826992526
wrc_plus,all,2024->25,scalar,1,13.89495494373136,1619,False,,,362,19.312169538430343,17.71995908763346,21.05985913082157,24.989841996781724,22.766083501080747,27.384569109539378
wrc_plus,all,2024->25,stats22,22,71.96856730011514,1619,False,,,362,17.805551043678804,16.32375232652366,19.34400358599755,23.049628605501475,21.132318731178284,25.01984540539571
wrc_plus,all,2024->25,train_PCA5,5,0.001,1619,False,,,362,18.165305400141214,16.61575913916455,19.818752635242124,23.760129518935845,21.651120127676975,25.97208735586592
wrc_plus,all,pooled,B2V,5,,,,re-fitted per fold,all rolling-origin test seasons,1706,19.059122666110497,18.282207990832433,19.868612280580596,24.502618833733205,23.43260131070539,25.56848066610594
wrc_plus,all,pooled,DefenseDef,5,,,,re-fitted per fold,all rolling-origin test seasons,1706,19.043186867763687,18.26769684834695,19.847705062514816,24.489466363760588,23.418308268242836,25.551299005432018
wrc_plus,all,pooled,DefenseFld,5,,,,re-fitted per fold,all rolling-origin test seasons,1706,19.07434077512434,18.301132923658646,19.881840683580087,24.513687796919598,23.4434861277523,25.574511187034723
wrc_plus,all,pooled,FldBsR,5,,,,re-fitted per fold,all rolling-origin test seasons,1706,19.05749950166712,18.283414173766783,19.866233635757627,24.499324463571245,23.427623894528256,25.567326672192156
wrc_plus,all,pooled,Offense3,3,,,,re-fitted per fold,all rolling-origin test seasons,1706,19.124793903619558,18.364614299962618,19.92749294793325,24.58433225759981,23.5096684796932,25.62906286219513
wrc_plus,all,pooled,PerPA,5,,,,re-fitted per fold,all rolling-origin test seasons,1706,19.05573926923739,18.28075888093592,19.864708678081545,24.510045819663194,23.43302265787547,25.574399222590696
wrc_plus,all,pooled,SpeedBsR,5,,,,re-fitted per fold,all rolling-origin test seasons,1706,19.045947642846258,18.271822007706618,19.850977916100458,24.490465479296393,23.41865142476299,25.55363123146542
wrc_plus,all,pooled,SpeedNoUBR,5,,,,re-fitted per fold,all rolling-origin test seasons,1706,19.05792158466981,18.285829036690373,19.867184103779486,24.512488691442783,23.435401624031034,25.565572991913825
wrc_plus,all,pooled,history,1,,,,re-fitted per fold,all rolling-origin test seasons,1706,19.20895519286471,18.43661501728368,20.03262667234662,24.703254233776406,23.669806771382017,25.73845166488243
wrc_plus,all,pooled,history+B2V,6,,,,re-fitted per fold,all rolling-origin test seasons,1706,18.83721228249398,18.094457880925102,19.64257160305877,24.212219515197294,23.191078835355615,25.232970626285628
wrc_plus,all,pooled,history+B2V+context,8,,,,re-fitted per fold,all rolling-origin test seasons,1706,18.862154466950944,18.08837649003725,19.689173979009407,24.21843274071544,23.183542907015223,25.259322072088075
wrc_plus,all,pooled,history+representative5,6,,,,re-fitted per fold,all rolling-origin test seasons,1706,19.06850524581737,18.289532511698326,19.87187422423168,24.55356351162924,23.531765177980084,25.592552880806373
wrc_plus,all,pooled,history+stats22,23,,,,re-fitted per fold,all rolling-origin test seasons,1706,18.551382901301036,17.79027279823034,19.313268289802004,23.81988111057862,22.82911376160354,24.79017220820086
wrc_plus,all,pooled,history+stats22+context,25,,,,re-fitted per fold,all rolling-origin test seasons,1706,18.508017325548074,17.7495924594495,19.26979177920734,23.748026477268006,22.736785783507482,24.743889125441658
wrc_plus,all,pooled,representative5,5,,,,re-fitted per fold,all rolling-origin test seasons,1706,19.809983792140493,19.000419103177425,20.63103898247192,25.47030882329728,24.37938231420111,26.57107421764014
wrc_plus,all,pooled,scalar,1,,,,re-fitted per fold,all rolling-origin test seasons,1706,19.9832891460727,19.157591840660505,20.836905006746655,25.75487271728628,24.622655090358208,26.863045753755184
wrc_plus,all,pooled,stats22,22,,,,re-fitted per fold,all rolling-origin test seasons,1706,18.82211116523305,18.057119193666562,19.591773019166062,24.18339509535723,23.17389890015977,25.146357409598362
wrc_plus,all,pooled,train_PCA5,5,,,,re-fitted per fold,all rolling-origin test seasons,1706,18.99647538606225,18.24252908004156,19.774659178121414,24.439875819769423,23.40135125865791,25.47540570341228
wrc_plus,no2020,2022->23,B2V,5,0.001,354,False,,,353,18.63811188795384,17.214034798067246,20.181230840316715,23.466125339021676,21.82143256321639,25.30415001091612
wrc_plus,no2020,2022->23,DefenseDef,5,0.001,354,False,,,353,18.620364800742067,17.192101423403006,20.15679796365823,23.43967667470546,21.7966466392567,25.276007134287674
wrc_plus,no2020,2022->23,DefenseFld,5,0.001,354,False,,,353,18.65717416898696,17.237921027810568,20.204908520525883,23.48769291070029,21.84785702116595,25.314434871977777
wrc_plus,no2020,2022->23,FldBsR,5,0.001,354,False,,,353,18.65437660495233,17.251930861742352,20.18745052218356,23.439585066739482,21.805612262924544,25.271536862989365
wrc_plus,no2020,2022->23,Offense3,3,0.001,354,False,,,353,18.804269473164368,17.346500545970308,20.372815352061785,23.692463410507386,22.0162543106985,25.558499567849143
wrc_plus,no2020,2022->23,PerPA,5,0.001,354,False,,,353,18.49382670675059,17.071997811834255,20.010955925710615,23.29721075727266,21.699639406571748,25.077200747439573
wrc_plus,no2020,2022->23,SpeedBsR,5,0.001,354,False,,,353,18.629145717970562,17.231856106368866,20.15270211117931,23.414475275658376,21.783636579551853,25.236795604192032
wrc_plus,no2020,2022->23,SpeedNoUBR,5,0.001,354,False,,,353,18.665430287985615,17.240904151726237,20.194975535468465,23.50388823101057,21.855256113105575,25.33921720112777
wrc_plus,no2020,2022->23,history,1,0.001,354,False,,,353,18.815680558420024,17.29327602237583,20.45701311444507,23.896530330682925,22.134508000675414,25.70675151710667
wrc_plus,no2020,2022->23,history+B2V,6,10.0,354,False,,,353,18.62714783499717,17.168910738725383,20.20282110702969,23.47116699686572,21.79496405924765,25.22790868733013
wrc_plus,no2020,2022->23,history+B2V+context,8,1.0,354,False,,,353,18.303728821688754,16.898934009767444,19.78880145348663,23.011866524287814,21.297713924168164,24.750794021471
wrc_plus,no2020,2022->23,history+representative5,6,0.001,354,False,,,353,18.96096927954892,17.465866948360965,20.593321790945367,23.99449425943299,22.25139752478059,25.7771243800453
wrc_plus,no2020,2022->23,history+stats22,23,51.794746792312125,354,False,,,353,18.53752979605858,17.066614944660508,20.083324604332933,23.470869057935754,21.73426682557787,25.22666353931472
wrc_plus,no2020,2022->23,history+stats22+context,25,51.794746792312125,354,False,,,353,18.294266779955503,16.87382995914113,19.76465382853903,23.12730988830166,21.40252793328329,24.85066243075821
wrc_plus,no2020,2022->23,representative5,5,71.96856730011514,354,False,,,353,18.960008341419947,17.550222345700227,20.586905027244224,24.096043689117657,22.31895568866075,26.07775163653878
wrc_plus,no2020,2022->23,scalar,1,0.001,354,False,,,353,19.23711125495865,17.688865980874795,20.89920105940018,24.74515909227289,22.868839481160517,26.648705656187133
wrc_plus,no2020,2022->23,stats22,22,138.9495494373136,354,False,,,353,18.66421980652203,17.222771135188037,20.187748001200667,23.53450973399253,21.83699591294552,25.39298297358355
wrc_plus,no2020,2022->23,train_PCA5,5,0.001,354,False,,,353,18.528259483225643,17.087889992739143,20.072615545706793,23.364054915323266,21.692420582319873,25.196477915488046
wrc_plus,no2020,2023->24,B2V,5,13.89495494373136,707,False,,,358,19.063059984832112,17.477156341658585,20.731622626155684,24.76656721578563,22.715626439187254,26.829988493740007
wrc_plus,no2020,2023->24,DefenseDef,5,2.682695795279725,707,False,,,358,19.01942285340794,17.437126884339126,20.701531977555728,24.75316487849794,22.717988781890618,26.81234983953344
wrc_plus,no2020,2023->24,DefenseFld,5,26.82695795279722,707,False,,,358,19.100961633537644,17.53548577142169,20.781096446909018,24.784542016711764,22.7517708072376,26.821366290712312
wrc_plus,no2020,2023->24,FldBsR,5,13.89495494373136,707,False,,,358,19.093433790266126,17.52267400842055,20.790355622285848,24.77393164094518,22.733375917785892,26.841737177613
wrc_plus,no2020,2023->24,Offense3,3,13.89495494373136,707,False,,,358,19.132730969509755,17.569891215469465,20.82964699063726,24.817146684599464,22.7934027291799,26.872469638461265
wrc_plus,no2020,2023->24,PerPA,5,0.001,707,False,,,358,19.19161176146144,17.59518008185504,20.86065867625823,24.890120904830347,22.87483836174196,26.946190535323307
wrc_plus,no2020,2023->24,SpeedBsR,5,26.82695795279722,707,False,,,358,19.049583129023826,17.455527295113196,20.731994487503556,24.754990865622975,22.689328775586493,26.825527656143024
wrc_plus,no2020,2023->24,SpeedNoUBR,5,19.306977288832496,707,False,,,358,18.97086751042767,17.390859265197413,20.67260550818542,24.72561966351045,22.68929222612178,26.801132942723044
wrc_plus,no2020,2023->24,history,1,0.001,707,False,,,358,19.342437269823037,17.71116107478559,21.070745329830466,25.331304342832937,23.19069880158868,27.58119863053327
wrc_plus,no2020,2023->24,history+B2V,6,71.96856730011514,707,False,,,358,18.773166287695986,17.19715258463026,20.504587747089293,24.56618396867087,22.484612069326406,26.643765748786947
wrc_plus,no2020,2023->24,history+B2V+context,8,71.96856730011514,707,False,,,358,18.96924936021902,17.416832096407227,20.610910863717,24.66982398690032,22.651828763790103,26.70565800061842
wrc_plus,no2020,2023->24,history+representative5,6,51.794746792312125,707,False,,,358,18.991987523166163,17.367169001643127,20.697708468110886,24.817828164558126,22.737756825539794,26.940265459804074
wrc_plus,no2020,2023->24,history+stats22,23,10.0,707,False,,,358,18.30213593131499,16.75830269876564,19.956642695814278,23.880521754771138,21.800747206995418,26.040291382830002
wrc_plus,no2020,2023->24,history+stats22+context,25,51.794746792312125,707,False,,,358,18.48369468300476,16.998349538654953,20.105512606296685,23.950703231647264,21.95609815656145,26.001427339769243
wrc_plus,no2020,2023->24,representative5,5,51.794746792312125,707,False,,,358,19.73320310441346,18.10115292835087,21.524644972049177,25.54307413000454,23.49526163878481,27.649522348297445
wrc_plus,no2020,2023->24,scalar,1,0.001,707,False,,,358,20.57568039004936,18.894929519022092,22.43165603831671,26.65162065138908,24.48736583453085,28.872958860096656
wrc_plus,no2020,2023->24,stats22,22,51.794746792312125,707,False,,,358,18.630767127159974,17.07185253538859,20.319568491135723,24.15606842381681,22.129829486555376,26.220839990382288
wrc_plus,no2020,2023->24,train_PCA5,5,7.196856730011514,707,False,,,358,19.036684131540856,17.459977446487212,20.716013830268796,24.674561880103763,22.637994952330153,26.732200001664825
wrc_plus,no2020,2024->25,B2V,5,0.001,1065,False,,,362,18.218698833134155,16.669927030690538,19.891556146122333,23.900936456268287,21.80729559537044,26.097593378001505
wrc_plus,no2020,2024->25,DefenseDef,5,0.001,1065,False,,,362,18.206526166791182,16.652345599179842,19.898915798629844,23.90380568142011,21.810917401119603,26.07425189758412
wrc_plus,no2020,2024->25,DefenseFld,5,0.001,1065,False,,,362,18.244295769370595,16.69271405995097,19.929259233027377,23.90267180015479,21.807297202149844,26.066154920053236
wrc_plus,no2020,2024->25,FldBsR,5,0.001,1065,False,,,362,18.217471508188773,16.66918220036006,19.910186692278455,23.920280219102622,21.816619426763882,26.11590628984716
wrc_plus,no2020,2024->25,Offense3,3,37.27593720314938,1065,False,,,362,18.362278049221718,16.83249792519318,20.002128467293076,24.00191517831668,21.91150116654979,26.238875552596188
wrc_plus,no2020,2024->25,PerPA,5,7.196856730011514,1065,False,,,362,18.268919372546645,16.702676532688074,19.931999391901734,23.891407192672343,21.791614863627956,26.01034310771322
wrc_plus,no2020,2024->25,SpeedBsR,5,0.001,1065,False,,,362,18.182237509444406,16.620477958961093,19.885513976091726,23.918483489074116,21.807526556299006,26.09049075802171
wrc_plus,no2020,2024->25,SpeedNoUBR,5,0.001,1065,False,,,362,18.206788444832288,16.667421477551397,19.871451653835216,23.892243175390163,21.8086955307208,26.089050124489837
wrc_plus,no2020,2024->25,history,1,0.001,1065,False,,,362,18.9614429851219,17.43433017434392,20.64891923489295,24.405322855494642,22.452910444654957,26.47629663166769
wrc_plus,no2020,2024->25,history+B2V,6,51.794746792312125,1065,False,,,362,18.214941434693728,16.70275041083115,19.87182124667857,23.708591032656965,21.721735621299576,25.839102099710132
wrc_plus,no2020,2024->25,history+B2V+context,8,100.0,1065,False,,,362,18.22873580142212,16.782574143070722,19.8536544007349,23.629551557306694,21.63399109186906,25.73019730727201
wrc_plus,no2020,2024->25,history+representative5,6,51.794746792312125,1065,False,,,362,18.332258269997162,16.790313188553025,20.049939353813212,24.07254955796025,22.045066520264673,26.219325770819754
wrc_plus,no2020,2024->25,history+stats22,23,51.794746792312125,1065,False,,,362,17.752960400438912,16.260164025677653,19.31841750411745,22.949308931483383,21.09116974424654,24.77261885786581
wrc_plus,no2020,2024->25,history+stats22+context,25,100.0,1065,False,,,362,17.816356171852277,16.393003373961843,19.345295977302,22.93064552638231,21.098914303775626,24.762584955389922
wrc_plus,no2020,2024->25,representative5,5,19.306977288832496,1065,False,,,362,18.644728401701983,17.030442480197102,20.399473115314454,24.703677425951785,22.453395910176994,27.02686233550835
wrc_plus,no2020,2024->25,scalar,1,0.001,1065,False,,,362,19.25390337222571,17.67487672540389,21.004182434511083,24.945620806670373,22.741429641429495,27.360847725214782
wrc_plus,no2020,2024->25,stats22,22,100.0,1065,False,,,362,17.74019214520273,16.229311900200347,19.29130594003675,23.08807322339639,21.121734407035678,25.04816524604008
wrc_plus,no2020,2024->25,train_PCA5,5,0.001,1065,False,,,362,18.037543613025836,16.476477613000217,19.717180113063062,23.74015023971629,21.6209595368282,25.9512598747605
wrc_plus,no2020,pooled,B2V,5,,,,re-fitted per fold,all rolling-origin test seasons,1073,18.638395105882726,17.654216272569347,19.551451249499326,24.05275201772526,22.786762087355825,25.237387822091222
wrc_plus,no2020,pooled,DefenseDef,5,,,,re-fitted per fold,all rolling-origin test seasons,1073,18.61389061375619,17.640620982810827,19.53096437679232,24.040623643247855,22.759156230756886,25.229043567312974
wrc_plus,no2020,pooled,DefenseFld,5,,,,re-fitted per fold,all rolling-origin test seasons,1073,18.66594763743805,17.68965755969007,19.582202754424447,24.06643283290842,22.80665177938498,25.248852000787533
wrc_plus,no2020,pooled,FldBsR,5,,,,re-fitted per fold,all rolling-origin test seasons,1073,18.65346591279383,17.666790468178664,19.580242371532314,24.05325631657032,22.80867400602563,25.236952317129468
wrc_plus,no2020,pooled,Offense3,3,,,,re-fitted per fold,all rolling-origin test seasons,1073,18.764743210558972,17.78772887105424,19.69769876628548,24.176746302753596,22.905626578261003,25.377472850723578
wrc_plus,no2020,pooled,PerPA,5,,,,re-fitted per fold,all rolling-origin test seasons,1073,18.650761091284288,17.68034736689936,19.594635207994536,24.03808598432371,22.79496164584764,25.238873589189616
wrc_plus,no2020,pooled,SpeedBsR,5,,,,re-fitted per fold,all rolling-origin test seasons,1073,18.618647881689665,17.63276257138333,19.54627445110449,24.03809676177775,22.777802146268904,25.221559645024694
wrc_plus,no2020,pooled,SpeedNoUBR,5,,,,re-fitted per fold,all rolling-origin test seasons,1073,18.612604731986313,17.62236298009715,19.532924655844393,24.047912132483248,22.766912926086714,25.234268845548996
wrc_plus,no2020,pooled,history,1,,,,re-fitted per fold,all rolling-origin test seasons,1073,19.040605908977668,18.082353554166808,19.987611360079665,24.55403903164871,23.332944494299518,25.751434129401222
wrc_plus,no2020,pooled,history+B2V,6,,,,re-fitted per fold,all rolling-origin test seasons,1073,18.53679917624258,17.605704960745776,19.479297714626018,23.92122558571427,22.70621663230656,25.102125830006234
wrc_plus,no2020,pooled,history+B2V+context,8,,,,re-fitted per fold,all rolling-origin test seasons,1073,18.500475214472832,17.554533030088766,19.438226870407252,23.783219889816067,22.56937641827317,24.937919724206573
wrc_plus,no2020,pooled,history+representative5,6,,,,re-fitted per fold,all rolling-origin test seasons,1073,18.759208930767223,17.8118792382947,19.733291944027552,24.29836004530946,23.060853954361807,25.50046171692054
wrc_plus,no2020,pooled,history+stats22,23,,,,re-fitted per fold,all rolling-origin test seasons,1073,18.194300416009625,17.239363631154806,19.118670513351805,23.434707473532868,22.237861719949663,24.590946400899647
wrc_plus,no2020,pooled,history+stats22+context,25,,,,re-fitted per fold,all rolling-origin test seasons,1073,18.19623467292686,17.25597009048526,19.098220103955796,23.339876723696804,22.19986394941103,24.452425931519826
wrc_plus,no2020,pooled,representative5,5,,,,re-fitted per fold,all rolling-origin test seasons,1073,19.111613548292052,18.117882054757157,20.091272495066242,24.79089774748297,23.510956678469004,26.04756076505778
wrc_plus,no2020,pooled,scalar,1,,,,re-fitted per fold,all rolling-origin test seasons,1073,19.689381988242108,18.673989517918365,20.657837090569178,25.463226970528673,24.161606409904774,26.72022117790132
wrc_plus,no2020,pooled,stats22,22,,,,re-fitted per fold,all rolling-origin test seasons,1073,18.341317595329855,17.3993619521214,19.271986705462865,23.595362308909877,22.409263243720627,24.74149213523629
wrc_plus,no2020,pooled,train_PCA5,5,,,,re-fitted per fold,all rolling-origin test seasons,1073,18.53233858768465,17.554230804937372,19.475400737399752,23.934501643068053,22.70351783783927,25.104492274641505
