target,window,system,n_test,n_players,calibrated_baseline_mae,plus_B2V_mae,B2V_increment,ci_low,ci_high,raw_projection_mae
wrc_plus,all,ZiPS,1706,609,18.37470659337103,18.197180460867624,0.1775261325034058,0.0165350114629402,0.3395274102195307,19.060502598563435
wrc_plus,all,Marcel,1706,609,18.901193017540024,18.651235529802012,0.2499574877380084,0.0108005853435592,0.4868366831486092,
wrc_plus,no2020,ZiPS,1427,570,18.45591734903544,18.22884879259661,0.227068556438823,0.0476969085329509,0.4177932946162571,19.20263244812206
wrc_plus,no2020,Marcel,1427,570,18.9489715164198,18.57192892901297,0.3770425874068301,0.1142049338588538,0.6543596287582049,
war_rate,all,ZiPS,1706,609,1.5621728320671675,1.5317912972969128,0.0303815347702549,0.0101505056335088,0.0497141345444786,
war_rate,all,Marcel,1706,609,1.5737222605400287,1.5670168945558516,0.0067053659841771,-0.0101981245406088,0.0232554538882084,
war_rate,no2020,ZiPS,1427,570,1.544901553930908,1.519576525774595,0.0253250281563131,0.0056253289437031,0.0457553031354002,
war_rate,no2020,Marcel,1427,570,1.5643284732145186,1.5539502020325666,0.010378271181952,-0.0075438396211826,0.0290889591639795,
wrc_plus,all,Steamer,1706,609,18.12884189397341,18.009654936630337,0.1191869573430715,-0.0243624839630686,0.2653889910010445,19.091918802688504
wrc_plus,no2020,Steamer,1427,570,18.21673537694167,18.097451799986853,0.1192835769548175,-0.0406025744684561,0.2867068865438322,19.27331160891893
war_rate,all,Steamer,1706,609,1.5404897435496303,1.521267930941252,0.0192218126083785,-0.0027419938190425,0.0406496549457809,
war_rate,no2020,Steamer,1427,570,1.5241554291054644,1.5089638108548336,0.0151916182506308,-0.0075811037232091,0.0388767071784768,
