target,window,origin,n_test,n_players,model,mae,rmse
war_rate,all,2021,279,279,R1,1.622841468292132,2.0297585629101285
war_rate,all,2021,279,279,R2,1.6564645976397565,2.0710631817262994
war_rate,all,2021,279,279,R3,1.7597586603225381,2.1870825336767363
war_rate,all,2021,279,279,S1,1.6416600327759232,2.045686082090634
war_rate,all,2021,279,279,S2,1.6178727826839734,2.012231376532973
war_rate,all,2021,279,279,S3,1.6355947917594418,2.03505019034464
war_rate,all,2022,354,354,R1,1.5460866938193938,2.014936836613282
war_rate,all,2022,354,354,R2,1.562022778461915,2.029873381885639
war_rate,all,2022,354,354,R3,1.6223042802635868,2.104040898730105
war_rate,all,2022,354,354,S1,1.5237411349598404,1.98457341477665
war_rate,all,2022,354,354,S2,1.5298827451444805,1.981283893260769
war_rate,all,2022,354,354,S3,1.5515816654481098,2.008638825680171
war_rate,all,2023,353,353,R1,1.5428131673905214,1.960296615346879
war_rate,all,2023,353,353,R2,1.5191529772675278,1.915116995211107
war_rate,all,2023,353,353,R3,1.508049788292741,1.90721020673574
war_rate,all,2023,353,353,S1,1.4807887031201576,1.8932910770843994
war_rate,all,2023,353,353,S2,1.453335343906597,1.8312295806865901
war_rate,all,2023,353,353,S3,1.4056237381686454,1.7919755015424694
war_rate,all,2024,358,358,R1,1.5958016515964635,2.070888872653062
war_rate,all,2024,358,358,R2,1.5733844548736675,2.0365227630516682
war_rate,all,2024,358,358,R3,1.603286579840546,2.059783770784205
war_rate,all,2024,358,358,S1,1.576859352813269,2.0137640899328475
war_rate,all,2024,358,358,S2,1.5455302973256857,1.9757154252081726
war_rate,all,2024,358,358,S3,1.5295388670923202,1.9558238842766695
war_rate,all,2025,362,362,R1,1.5711952426942841,2.007263960501636
war_rate,all,2025,362,362,R2,1.5402215601557478,1.9753248643060812
war_rate,all,2025,362,362,R3,1.5619144526577469,2.011057844327776
war_rate,all,2025,362,362,S1,1.5011434559857395,1.9328256933401307
war_rate,all,2025,362,362,S2,1.4791869409888097,1.8929680069339285
war_rate,all,2025,362,362,S3,1.4684208386067523,1.8678030653421671
war_rate,all,pooled,1706,609,R1,1.5737222605400287,2.0164958146618814
war_rate,all,pooled,1706,609,R2,1.5663555257406807,2.0034099936655467
war_rate,all,pooled,1706,609,R3,1.6043373881334437,2.049886179568509
war_rate,all,pooled,1706,609,S1,1.5404897435496305,1.9715588878770718
war_rate,all,pooled,1706,609,S2,1.5209600783291604,1.936516658470442
war_rate,all,pooled,1706,609,S3,1.5128483552390044,1.9292295039871608
war_rate,no2020,2022,354,354,R1,1.5510742829779036,2.0161428582001997
war_rate,no2020,2022,354,354,R2,1.5907087803658901,2.057218697153018
war_rate,no2020,2022,354,354,R3,1.6396158443293343,2.117076848132163
war_rate,no2020,2022,354,354,S1,1.533742100965197,1.989901377659124
war_rate,no2020,2022,354,354,S2,1.5619293674017383,2.006995933970299
war_rate,no2020,2022,354,354,S3,1.5771075964532142,2.0296293011645856
war_rate,no2020,2023,353,353,R1,1.5403956875067488,1.9538467467099971
war_rate,no2020,2023,353,353,R2,1.50500406820168,1.8941395508787051
war_rate,no2020,2023,353,353,R3,1.5079184893106068,1.8900637747888935
war_rate,no2020,2023,353,353,S1,1.4824187523047108,1.8930957495655905
war_rate,no2020,2023,353,353,S2,1.4411587834165889,1.8208195817958162
war_rate,no2020,2023,353,353,S3,1.4207638299855363,1.802697284783746
war_rate,no2020,2024,358,358,R1,1.592976525374094,2.069792461343323
war_rate,no2020,2024,358,358,R2,1.5745785801125072,2.032652303280479
war_rate,no2020,2024,358,358,R3,1.611530829979838,2.060854687869746
war_rate,no2020,2024,358,358,S1,1.5786366145340593,2.0164748335752316
war_rate,no2020,2024,358,358,S2,1.5478048031272926,1.9776719558376628
war_rate,no2020,2024,358,358,S3,1.5404839568421815,1.9689589242775618
war_rate,no2020,2025,362,362,R1,1.572296025771084,2.006193603931532
war_rate,no2020,2025,362,362,R2,1.5398052902445505,1.977858838249547
war_rate,no2020,2025,362,362,R3,1.5635827444105475,2.0138737016077184
war_rate,no2020,2025,362,362,S1,1.5016004586327671,1.9320425466997795
war_rate,no2020,2025,362,362,S2,1.4806399582402312,1.8936977989067494
war_rate,no2020,2025,362,362,S3,1.4823086006154806,1.86967334711541
war_rate,no2020,pooled,1427,570,R1,1.5643284732145186,2.0120873213513306
war_rate,no2020,pooled,1427,570,R2,1.5525479965476685,1.9915586453697405
war_rate,no2020,pooled,1427,570,R3,1.5807037324657525,2.022351968262243
war_rate,no2020,pooled,1427,570,S1,1.5241554291054644,1.9585366392064183
war_rate,no2020,pooled,1427,570,S2,1.507889159781924,1.926218594470496
war_rate,no2020,pooled,1427,570,S3,1.5051959993704533,1.9196811707616408
wrc_plus,all,2021,279,279,R1,18.707748341616202,23.97532316768822
wrc_plus,all,2021,279,279,R2,19.229705293505514,24.5254443239369
wrc_plus,all,2021,279,279,R3,20.021036578585296,25.47517754952793
wrc_plus,all,2021,279,279,S0,18.164149861861194,23.67178418757629
wrc_plus,all,2021,279,279,S1,17.66021757230917,22.787586827457794
wrc_plus,all,2021,279,279,S2,17.440806365260816,22.551303553528786
wrc_plus,all,2021,279,279,S3,17.5220828584547,22.610391178092332
wrc_plus,all,2022,354,354,R1,18.618228065615092,24.11347198151905
wrc_plus,all,2022,354,354,R2,18.55967132922155,24.01656757291342
wrc_plus,all,2022,354,354,R3,19.092272654198332,24.725567815979566
wrc_plus,all,2022,354,354,S0,18.89231684891348,24.676654220204217
wrc_plus,all,2022,354,354,S1,18.364397481537793,23.71559665579629
wrc_plus,all,2022,354,354,S2,18.275884314346147,23.682017571590332
wrc_plus,all,2022,354,354,S3,18.540784803076686,23.868028569166498
wrc_plus,all,2023,353,353,R1,18.78025056617155,23.856878110870277
wrc_plus,all,2023,353,353,R2,18.459864649480497,23.278882645123847
wrc_plus,all,2023,353,353,R3,18.431370440622285,23.32342467760342
wrc_plus,all,2023,353,353,S0,19.379773190998858,24.611938164456998
wrc_plus,all,2023,353,353,S1,18.022374077123146,22.957551763550367
wrc_plus,all,2023,353,353,S2,17.984009676059525,22.7737854443605
wrc_plus,all,2023,353,353,S3,17.68262711299944,22.400333104891192
wrc_plus,all,2024,358,358,R1,19.33720299195983,25.294166233137112
wrc_plus,all,2024,358,358,R2,18.81010631364711,24.565166634282935
wrc_plus,all,2024,358,358,R3,19.02738295164113,24.665117103534612
wrc_plus,all,2024,358,358,S0,18.978860182911376,24.871963692475486
wrc_plus,all,2024,358,358,S1,18.422650802934882,24.143482309116447
wrc_plus,all,2024,358,358,S2,18.34194832833559,23.97938948855585
wrc_plus,all,2024,358,358,S3,18.19950404893526,23.73251801187798
wrc_plus,all,2025,362,362,R1,19.013739349183542,24.395790715143047
wrc_plus,all,2025,362,362,R2,18.202497506456236,23.595248953419055
wrc_plus,all,2025,362,362,R3,18.175488619156116,23.703452726609186
wrc_plus,all,2025,362,362,S0,19.833269667146606,25.574619835902855
wrc_plus,all,2025,362,362,S1,18.072927688687415,23.557692197450905
wrc_plus,all,2025,362,362,S2,17.780273182129285,23.10872728656196
wrc_plus,all,2025,362,362,S3,17.638726680039742,22.729390060728928
wrc_plus,all,pooled,1706,609,R1,18.901193017540024,24.351050524706867
wrc_plus,all,pooled,1706,609,R2,18.625360965018707,23.978165964616373
wrc_plus,all,pooled,1706,609,R3,18.899259945705282,24.3400393669375
wrc_plus,all,pooled,1706,609,S0,19.091918802688504,24.73737097841356
wrc_plus,all,pooled,1706,609,S1,18.12884189397341,23.4683711365146
wrc_plus,all,pooled,1706,609,S2,17.98762006583251,23.25597676016444
wrc_plus,all,pooled,1706,609,S3,17.933591920504114,23.09675456185474
wrc_plus,no2020,2022,354,354,R1,18.676866558096332,24.171541858234743
wrc_plus,no2020,2022,354,354,R2,18.869265594337342,24.346800303347976
wrc_plus,no2020,2022,354,354,R3,19.192497438161546,24.74704722640211
wrc_plus,no2020,2022,354,354,S0,18.89231684891348,24.676654220204217
wrc_plus,no2020,2022,354,354,S1,18.365927375695495,23.77047090141732
wrc_plus,no2020,2022,354,354,S2,18.40115428652647,23.779609876440247
wrc_plus,no2020,2022,354,354,S3,18.411257719679053,23.629904562054204
wrc_plus,no2020,2023,353,353,R1,18.7583594619434,23.83357338174869
wrc_plus,no2020,2023,353,353,R2,18.27807343048788,23.07029147293677
wrc_plus,no2020,2023,353,353,R3,18.3096292307859,23.17267841338098
wrc_plus,no2020,2023,353,353,S0,19.379773190998858,24.611938164456998
wrc_plus,no2020,2023,353,353,S1,18.025984155022336,22.97018454622166
wrc_plus,no2020,2023,353,353,S2,17.887575045899027,22.685686558168815
wrc_plus,no2020,2023,353,353,S3,17.780307094096564,22.494513228309906
wrc_plus,no2020,2024,358,358,R1,19.320515538260533,25.28147963221047
wrc_plus,no2020,2024,358,358,R2,18.7856768536139,24.475464486205823
wrc_plus,no2020,2024,358,358,R3,19.05158496834871,24.65555514567925
wrc_plus,no2020,2024,358,358,S0,18.978860182911376,24.871963692475486
wrc_plus,no2020,2024,358,358,S1,18.419379089645506,24.15199554433138
wrc_plus,no2020,2024,358,358,S2,18.317887521864932,23.92460687380349
wrc_plus,no2020,2024,358,358,S3,18.253752084060153,23.79436946114121
wrc_plus,no2020,2025,362,362,R1,19.03349762320899,24.382435947728247
wrc_plus,no2020,2025,362,362,R2,18.189651765294794,23.581114368659957
wrc_plus,no2020,2025,362,362,R3,18.13473696959063,23.714149184395026
wrc_plus,no2020,2025,362,362,S0,19.833269667146606,25.574619835902855
wrc_plus,no2020,2025,362,362,S1,18.056444671501627,23.53723379666912
wrc_plus,no2020,2025,362,362,S2,17.676253423085324,23.059763383755502
wrc_plus,no2020,2025,362,362,S3,17.625113373911663,22.742131164346485
wrc_plus,no2020,pooled,1427,570,R1,18.948971516419796,24.42576820062429
wrc_plus,no2020,pooled,1427,570,R2,18.52964694743387,23.87593221811309
wrc_plus,no2020,pooled,1427,570,R3,18.67041724823914,24.08156559777298
wrc_plus,no2020,pooled,1427,570,S0,19.27331160891893,24.94038898407296
wrc_plus,no2020,pooled,1427,570,S1,18.21673537694167,23.61291918127146
wrc_plus,no2020,pooled,1427,570,S2,18.069327316480212,23.36831223611244
wrc_plus,no2020,pooled,1427,570,S3,18.016235406049073,23.17177183855163
