target,window,context,candidate,baseline,kind,n_test,improvement_mae,ci_low,ci_high,positive_years,n_years
war_rate,all,history,original5,drop_Contact,drop,1706,0.005662018594566061,0.0009547008689528736,0.010999431005264364,4,5
war_rate,all,history,original5,drop_Defense,drop,1706,0.015283672627501693,0.0045387113337141795,0.025892132983303062,5,5
war_rate,all,history,original5,drop_Discipline,drop,1706,0.0032363042532140623,-0.0009142860315292989,0.007151673283172298,3,5
war_rate,all,history,original5,drop_Power,drop,1706,0.002964280540924199,-0.003261073539977405,0.009041267314778518,3,5
war_rate,all,history,original5,drop_Speed,drop,1706,0.004574390246000355,-0.0018193989077193496,0.010511376694414855,5,5
war_rate,all,history,B2V,original5,original,1706,0.00479790188631511,-0.005995908015512147,0.015042846819992583,3,5
war_rate,all,history,B2V,selected5,selected,1706,-0.0018112740808741983,-0.018447012012558862,0.014496324504747653,2,5
war_rate,all,history,original5,selected5,selected,1706,-0.00660917596718931,-0.023071342286129413,0.008611927416640523,2,5
war_rate,all,history,B2V,swap_Contact_AVG,swap,1706,0.015053335955890628,-0.0008782885543204998,0.030884489234243917,5,5
war_rate,all,history,original5,swap_Contact_AVG,swap,1706,0.01025543406957552,0.00014080367234539656,0.020489868276766663,5,5
war_rate,all,history,B2V,swap_Contact_K_pct,swap,1706,0.005889374819379676,-0.0044872027600868555,0.01568819283175568,3,5
war_rate,all,history,original5,swap_Contact_K_pct,swap,1706,0.0010914729330645642,-0.0014271981835248583,0.0036944399229419723,3,5
war_rate,all,history,B2V,swap_Contact_SwStr_pct,swap,1706,0.008460198898486652,-0.0019496002887474217,0.018622640923691834,4,5
war_rate,all,history,original5,swap_Contact_SwStr_pct,swap,1706,0.003662297012171541,0.001262055605829826,0.006254001151705912,4,5
war_rate,all,history,B2V,swap_Contact_xBA,swap,1706,0.003913068598545859,-0.0046706801048483956,0.012628191277193435,2,5
war_rate,all,history,original5,swap_Contact_xBA,swap,1706,-0.0008848332877692514,-0.007468326526332597,0.0056170012440585155,1,5
war_rate,all,history,B2V,swap_Defense_Fld,swap,1706,0.014975461682981476,0.005193739486575183,0.024660200393666353,5,5
war_rate,all,history,original5,swap_Defense_Fld,swap,1706,0.010177559796666366,0.0024650419588787887,0.017763556889475243,5,5
war_rate,all,history,B2V,swap_Discipline_BB_per_K,swap,1706,0.006558097700163873,-0.0036881577730828283,0.01610060880970406,4,5
war_rate,all,history,original5,swap_Discipline_BB_per_K,swap,1706,0.0017601958138487605,-0.0013219897624337674,0.00462873871278589,3,5
war_rate,all,history,B2V,swap_Discipline_O_Swing_pct,swap,1706,0.007415915214656746,-0.0028503032628388048,0.017499642171230095,4,5
war_rate,all,history,original5,swap_Discipline_O_Swing_pct,swap,1706,0.002618013328341634,7.15923924503037e-05,0.005235804264076585,4,5
war_rate,all,history,B2V,swap_Discipline_Swing_pct,swap,1706,0.009455124171159278,-0.0004623862206693417,0.019215287390782758,4,5
war_rate,all,history,original5,swap_Discipline_Swing_pct,swap,1706,0.004657222284844167,0.0007107348220657784,0.008524773045316559,5,5
war_rate,all,history,B2V,swap_Power_Barrel_pct,swap,1706,-0.017396715958838,-0.028511817989428905,-0.006692372743678277,1,5
war_rate,all,history,original5,swap_Power_Barrel_pct,swap,1706,-0.02219461784515311,-0.034319720431202475,-0.010631647861924094,0,5
war_rate,all,history,B2V,swap_Power_EV,swap,1706,-0.01287199823240247,-0.024282397560345764,-0.001625517192200705,1,5
war_rate,all,history,original5,swap_Power_EV,swap,1706,-0.017669900118717583,-0.03161256644135939,-0.0036349802673184303,1,5
war_rate,all,history,B2V,swap_Power_HR_per_FB,swap,1706,0.00541229261889383,-0.0050887575288557476,0.015776374730347827,4,5
war_rate,all,history,original5,swap_Power_HR_per_FB,swap,1706,0.0006143907325787189,-0.0038485552715724902,0.004862167164715853,3,5
war_rate,all,history,B2V,swap_Power_HardHit_pct,swap,1706,-0.015729163979606695,-0.028708233469441874,-0.0034324178188566436,0,5
war_rate,all,history,original5,swap_Power_HardHit_pct,swap,1706,-0.0205270658659218,-0.03648453876310505,-0.005286291801833644,1,5
war_rate,all,history,B2V,swap_Power_SLG,swap,1706,0.008660277724060729,-0.0034545322736850015,0.020539806429168812,3,5
war_rate,all,history,original5,swap_Power_SLG,swap,1706,0.0038623758377456167,-0.0008246573850567873,0.008694336032831207,4,5
war_rate,all,history,B2V,swap_Power_maxEV,swap,1706,-0.01478373811730978,-0.026564124724613298,-0.00392936050921903,0,5
war_rate,all,history,original5,swap_Power_maxEV,swap,1706,-0.019581640003624886,-0.03187929004796745,-0.007925018588161943,1,5
war_rate,all,history,B2V,swap_Speed_Spd,swap,1706,0.006975385175677441,-0.004055440710933084,0.01756031110997527,4,5
war_rate,all,history,original5,swap_Speed_Spd,swap,1706,0.0021774832893623306,-0.0028709450623647546,0.007116098643360536,4,5
war_rate,all,history,B2V,swap_Speed_UBR,swap,1706,0.008941867472367615,-0.002854562357603607,0.02018707417794199,4,5
war_rate,all,history,original5,swap_Speed_UBR,swap,1706,0.004143965586052505,-0.0008613580638095586,0.008820133488873375,4,5
war_rate,all,history,B2V,swap_Speed_wSB,swap,1706,0.00856270045523136,-0.003442863612338165,0.02021051630479262,3,5
war_rate,all,history,original5,swap_Speed_wSB,swap,1706,0.0037647985689162515,-0.0008659033497503298,0.008243070813091318,4,5
war_rate,all,standalone,original5,drop_Contact,drop,1706,0.025672979389303803,0.01247643074060783,0.04029549771942569,5,5
war_rate,all,standalone,original5,drop_Defense,drop,1706,0.071367185382088,0.04377246110695475,0.09848591822491187,5,5
war_rate,all,standalone,original5,drop_Discipline,drop,1706,0.017450917676819087,0.006771703733035123,0.028278136142172252,5,5
war_rate,all,standalone,original5,drop_Power,drop,1706,0.08756729221515948,0.05907422304167653,0.11877614618907893,5,5
war_rate,all,standalone,original5,drop_Speed,drop,1706,0.01929609649672494,0.004782816283313396,0.03288591286391868,5,5
war_rate,all,standalone,B2V,original5,original,1706,0.006582829589057952,-0.015648523359410648,0.028543991177361314,3,5
war_rate,all,standalone,B2V,selected5,selected,1706,0.0003517224925885853,-0.017190154082521468,0.0181594688725163,2,5
war_rate,all,standalone,original5,selected5,selected,1706,-0.006231107096469366,-0.026149168310064873,0.012880053878014485,1,5
war_rate,all,standalone,B2V,swap_Contact_AVG,swap,1706,0.007954620482717951,-0.010777002504648959,0.028327707700026683,3,5
war_rate,all,standalone,original5,swap_Contact_AVG,swap,1706,0.001371790893659999,-0.013171763479393955,0.016046689293155246,3,5
war_rate,all,standalone,B2V,swap_Contact_K_pct,swap,1706,0.002437312603724808,-0.019139618085305808,0.024262837062938924,3,5
war_rate,all,standalone,original5,swap_Contact_K_pct,swap,1706,-0.004145516985333143,-0.011423737940409417,0.0033282953401864487,1,5
war_rate,all,standalone,B2V,swap_Contact_SwStr_pct,swap,1706,0.018336376832331386,-0.0048410580706040535,0.041523918774513544,4,5
war_rate,all,standalone,original5,swap_Contact_SwStr_pct,swap,1706,0.011753547243273436,0.006382846656351321,0.017248302071036836,5,5
war_rate,all,standalone,B2V,swap_Contact_xBA,swap,1706,-0.004118391150853628,-0.020982919448615495,0.012831430321402144,2,5
war_rate,all,standalone,original5,swap_Contact_xBA,swap,1706,-0.010701220739911579,-0.028595033029630762,0.006886463718576644,1,5
war_rate,all,standalone,B2V,swap_Defense_Fld,swap,1706,0.04345628553477529,0.024460667848969254,0.06435882601542552,5,5
war_rate,all,standalone,original5,swap_Defense_Fld,swap,1706,0.03687345594571734,0.018608566804384618,0.05594953045422705,5,5
war_rate,all,standalone,B2V,swap_Discipline_BB_per_K,swap,1706,0.007298228534246598,-0.014704071590080036,0.028753310307804793,3,5
war_rate,all,standalone,original5,swap_Discipline_BB_per_K,swap,1706,0.0007153989451886458,-0.005814499400197942,0.007313847770573015,2,5
war_rate,all,standalone,B2V,swap_Discipline_O_Swing_pct,swap,1706,0.01855480471358162,-0.0044306142085743455,0.04061545965402156,5,5
war_rate,all,standalone,original5,swap_Discipline_O_Swing_pct,swap,1706,0.011971975124523663,0.004444768573469265,0.019548804236059963,5,5
war_rate,all,standalone,B2V,swap_Discipline_Swing_pct,swap,1706,0.022713507722246874,-0.00014498272006834841,0.045368935229753174,5,5
war_rate,all,standalone,original5,swap_Discipline_Swing_pct,swap,1706,0.016130678133188924,0.007038801640879849,0.024868576086006868,5,5
war_rate,all,standalone,B2V,swap_Power_Barrel_pct,swap,1706,-0.011052763073064579,-0.03169321763181942,0.008922602068515128,2,5
war_rate,all,standalone,original5,swap_Power_Barrel_pct,swap,1706,-0.01763559266212253,-0.03749883819029813,0.0009188671512871532,0,5
war_rate,all,standalone,B2V,swap_Power_EV,swap,1706,0.017767608100256453,-0.0052089238648970245,0.04065518649777234,3,5
war_rate,all,standalone,original5,swap_Power_EV,swap,1706,0.011184778511198503,-0.015970948040758843,0.038031628767115445,2,5
war_rate,all,standalone,B2V,swap_Power_HR_per_FB,swap,1706,0.03263310733993215,0.008049975389669324,0.058649315981765544,4,5
war_rate,all,standalone,original5,swap_Power_HR_per_FB,swap,1706,0.026050277750874196,0.010862610975484067,0.04180322758068167,5,5
war_rate,all,standalone,B2V,swap_Power_HardHit_pct,swap,1706,0.006792585404886177,-0.016035515267628926,0.028968910498177586,3,5
war_rate,all,standalone,original5,swap_Power_HardHit_pct,swap,1706,0.00020975581582822914,-0.02781946165565654,0.026859356754224108,2,5
war_rate,all,standalone,B2V,swap_Power_SLG,swap,1706,-0.0019798907429666706,-0.019772232826204123,0.016888923302879423,3,5
war_rate,all,standalone,original5,swap_Power_SLG,swap,1706,-0.008562720332024624,-0.02096631999162108,0.003705579230605665,2,5
war_rate,all,standalone,B2V,swap_Power_maxEV,swap,1706,0.026827867497072964,0.0005637592416823268,0.05346502483515708,4,5
war_rate,all,standalone,original5,swap_Power_maxEV,swap,1706,0.02024503790801501,-0.007753446661641966,0.04626394263443655,4,5
war_rate,all,standalone,B2V,swap_Speed_Spd,swap,1706,0.0103105214759709,-0.012612582996719062,0.0327191150342268,3,5
war_rate,all,standalone,original5,swap_Speed_Spd,swap,1706,0.0037276918869129498,-0.006344135856818906,0.013825660200000402,4,5
war_rate,all,standalone,B2V,swap_Speed_UBR,swap,1706,0.020243135137366967,-0.0028770403659564236,0.04401926566426809,5,5
war_rate,all,standalone,original5,swap_Speed_UBR,swap,1706,0.013660305548309016,0.0044775783032985515,0.022936050139844403,5,5
war_rate,all,standalone,B2V,swap_Speed_wSB,swap,1706,0.02063335562741843,-0.002494078249596604,0.04380278273140496,3,5
war_rate,all,standalone,original5,swap_Speed_wSB,swap,1706,0.01405052603836048,0.004765026954405715,0.02301570662785063,5,5
war_rate,no2020,history,original5,drop_Contact,drop,1073,0.010168166568723368,0.0020137192481666233,0.01819209448626273,3,3
war_rate,no2020,history,original5,drop_Defense,drop,1073,0.01602211007929066,0.006414326857322911,0.02605404864583744,3,3
war_rate,no2020,history,original5,drop_Discipline,drop,1073,0.00538040571146734,-0.0015968612961470728,0.012513109306781855,2,3
war_rate,no2020,history,original5,drop_Power,drop,1073,0.0029793986639804287,-0.005249072194722704,0.010666643586812918,2,3
war_rate,no2020,history,original5,drop_Speed,drop,1073,0.004190670018273108,-0.006510010999995613,0.014940785399620165,3,3
war_rate,no2020,history,B2V,original5,original,1073,0.0059078986394305736,-0.00630660295870073,0.019140347988771657,1,3
war_rate,no2020,history,B2V,selected5,selected,1073,-0.016514338205392793,-0.03122569173443162,-0.0021204587320840435,0,3
war_rate,no2020,history,original5,selected5,selected,1073,-0.02242223684482337,-0.04029312628768694,-0.004614384845019892,1,3
war_rate,no2020,history,B2V,swap_Contact_AVG,swap,1073,0.015568593903892276,0.0017484971118173044,0.030883766366269792,2,3
war_rate,no2020,history,original5,swap_Contact_AVG,swap,1073,0.009660695264461705,0.0011323621149692208,0.01836287306005866,3,3
war_rate,no2020,history,B2V,swap_Contact_K_pct,swap,1073,0.00812292784056575,-0.004924063843499793,0.021854926922110267,1,3
war_rate,no2020,history,original5,swap_Contact_K_pct,swap,1073,0.0022150292011351735,-0.0026328854181200565,0.0072835275419736055,2,3
war_rate,no2020,history,B2V,swap_Contact_SwStr_pct,swap,1073,0.010423339495880693,-0.0021466472284042692,0.023819370028477775,1,3
war_rate,no2020,history,original5,swap_Contact_SwStr_pct,swap,1073,0.004515440856450118,0.0013678422575487126,0.00780455170029624,3,3
war_rate,no2020,history,B2V,swap_Contact_xBA,swap,1073,0.006570905372881475,-0.0044729303097686525,0.017910104114656065,1,3
war_rate,no2020,history,original5,swap_Contact_xBA,swap,1073,0.0006630067334509023,-0.008160683159120741,0.01008308963151358,1,3
war_rate,no2020,history,B2V,swap_Defense_Fld,swap,1073,0.015166010941861784,0.0028163702721693998,0.027785445204956096,2,3
war_rate,no2020,history,original5,swap_Defense_Fld,swap,1073,0.00925811230243121,0.0025416893547749175,0.016469784127627934,2,3
war_rate,no2020,history,B2V,swap_Discipline_BB_per_K,swap,1073,0.007942197496065782,-0.0050770194350412134,0.02110193345226035,2,3
war_rate,no2020,history,original5,swap_Discipline_BB_per_K,swap,1073,0.002034298856635211,-0.00265613914315066,0.006652212190741366,2,3
war_rate,no2020,history,B2V,swap_Discipline_O_Swing_pct,swap,1073,0.008033915338740658,-0.004510800695274225,0.02081408302960601,2,3
war_rate,no2020,history,original5,swap_Discipline_O_Swing_pct,swap,1073,0.0021260166993100848,-0.0024721376479945544,0.006722643627163207,2,3
war_rate,no2020,history,B2V,swap_Discipline_Swing_pct,swap,1073,0.0094269259026667,-0.003434788125486493,0.02266443435263819,2,3
war_rate,no2020,history,original5,swap_Discipline_Swing_pct,swap,1073,0.0035190272632361287,-0.001979834621352511,0.008871558678395676,2,3
war_rate,no2020,history,B2V,swap_Power_Barrel_pct,swap,1073,-0.01770244300044422,-0.030858254923338824,-0.006076459321941164,0,3
war_rate,no2020,history,original5,swap_Power_Barrel_pct,swap,1073,-0.023610341639874795,-0.03548196287141577,-0.012310803421524106,0,3
war_rate,no2020,history,B2V,swap_Power_EV,swap,1073,-0.008680087159672637,-0.02266593235935794,0.0044166754082271865,1,3
war_rate,no2020,history,original5,swap_Power_EV,swap,1073,-0.014587985799103208,-0.03086405263349436,0.0013618683218526825,1,3
war_rate,no2020,history,B2V,swap_Power_HR_per_FB,swap,1073,0.0049596004790307905,-0.007127518667589588,0.01726278694483377,2,3
war_rate,no2020,history,original5,swap_Power_HR_per_FB,swap,1073,-0.0009482981603997821,-0.006785554613142874,0.004661796398754673,2,3
war_rate,no2020,history,B2V,swap_Power_HardHit_pct,swap,1073,-0.018592148993849714,-0.03296120240428547,-0.00501842027982191,0,3
war_rate,no2020,history,original5,swap_Power_HardHit_pct,swap,1073,-0.02450004763328029,-0.042331751451701254,-0.00685134346068942,1,3
war_rate,no2020,history,B2V,swap_Power_SLG,swap,1073,0.006702869233563287,-0.005327989994471765,0.01931531082325184,1,3
war_rate,no2020,history,original5,swap_Power_SLG,swap,1073,0.0007949705941327155,-0.003051509372245481,0.004645922587830358,2,3
war_rate,no2020,history,B2V,swap_Power_maxEV,swap,1073,-0.014198673636079321,-0.031432467454435925,0.0022117686544573696,0,3
war_rate,no2020,history,original5,swap_Power_maxEV,swap,1073,-0.0201065722755099,-0.038712105302339886,-0.002042004280988586,0,3
war_rate,no2020,history,B2V,swap_Speed_Spd,swap,1073,0.014619151441561644,-0.0002988013491570851,0.029403925488510355,1,3
war_rate,no2020,history,original5,swap_Speed_Spd,swap,1073,0.008711252802131069,-0.0011980106174836248,0.01794078983888258,3,3
war_rate,no2020,history,B2V,swap_Speed_UBR,swap,1073,0.015240504981149344,0.0008536109192928245,0.029705550959577987,2,3
war_rate,no2020,history,original5,swap_Speed_UBR,swap,1073,0.009332606341718772,0.0006732665492530377,0.01756536175956098,3,3
war_rate,no2020,history,B2V,swap_Speed_wSB,swap,1073,0.008649603763797661,-0.005767673321661409,0.02291772545080292,1,3
war_rate,no2020,history,original5,swap_Speed_wSB,swap,1073,0.002741705124367088,-0.005136607283516587,0.010150536194168152,2,3
war_rate,no2020,standalone,original5,drop_Contact,drop,1073,0.031909247232841734,0.009552812559455042,0.05421720938698082,3,3
war_rate,no2020,standalone,original5,drop_Defense,drop,1073,0.06699652981480467,0.0356452305482703,0.09948297541604119,3,3
war_rate,no2020,standalone,original5,drop_Discipline,drop,1073,0.021006982511093966,0.004540222798109656,0.03696162534815685,3,3
war_rate,no2020,standalone,original5,drop_Power,drop,1073,0.09039002059322992,0.05699519789783443,0.12606018405766792,3,3
war_rate,no2020,standalone,original5,drop_Speed,drop,1073,0.023137834896013062,0.0026313921854542624,0.0427951753975393,3,3
war_rate,no2020,standalone,B2V,original5,original,1073,-0.00522820293038562,-0.03229627859780679,0.022868023843251515,1,3
war_rate,no2020,standalone,B2V,selected5,selected,1073,-0.007758410934849561,-0.029386751469869916,0.014757370568066183,1,3
war_rate,no2020,standalone,original5,selected5,selected,1073,-0.002530208004463945,-0.025502777453336484,0.020246288051019915,1,3
war_rate,no2020,standalone,B2V,swap_Contact_AVG,swap,1073,0.003121914710608139,-0.019691612389437656,0.028007295774148042,2,3
war_rate,no2020,standalone,original5,swap_Contact_AVG,swap,1073,0.008350117640993755,-0.015548410850713396,0.03144278853568651,2,3
war_rate,no2020,standalone,B2V,swap_Contact_K_pct,swap,1073,-0.008310079914721562,-0.03345683715813817,0.019008147720333195,1,3
war_rate,no2020,standalone,original5,swap_Contact_K_pct,swap,1073,-0.003081876984335946,-0.01463972171858861,0.008645491924666024,1,3
war_rate,no2020,standalone,B2V,swap_Contact_SwStr_pct,swap,1073,0.007247089657530856,-0.02052910650175912,0.03711970741458956,2,3
war_rate,no2020,standalone,original5,swap_Contact_SwStr_pct,swap,1073,0.012475292587916478,0.004579157453394944,0.020582196333606792,3,3
war_rate,no2020,standalone,B2V,swap_Contact_xBA,swap,1073,-0.006539248169550013,-0.0289139055258747,0.014893137766214147,1,3
war_rate,no2020,standalone,original5,swap_Contact_xBA,swap,1073,-0.0013110452391643945,-0.027123711671681695,0.02607518527812208,1,3
war_rate,no2020,standalone,B2V,swap_Defense_Fld,swap,1073,0.027135133215712152,0.0005167064272765143,0.05294641983698674,3,3
war_rate,no2020,standalone,original5,swap_Defense_Fld,swap,1073,0.03236333614609777,0.012362354098578554,0.053819839858708245,3,3
war_rate,no2020,standalone,B2V,swap_Discipline_BB_per_K,swap,1073,-0.004526950529468828,-0.031876587147398515,0.022956714728735617,1,3
war_rate,no2020,standalone,original5,swap_Discipline_BB_per_K,swap,1073,0.0007012524009167904,-0.00981270722685218,0.01084328619344495,1,3
war_rate,no2020,standalone,B2V,swap_Discipline_O_Swing_pct,swap,1073,0.008582952682749891,-0.019448900514893046,0.03743428686185972,2,3
war_rate,no2020,standalone,original5,swap_Discipline_O_Swing_pct,swap,1073,0.013811155613135513,0.002782481277773896,0.025174533251419384,3,3
war_rate,no2020,standalone,B2V,swap_Discipline_Swing_pct,swap,1073,0.013842002102460338,-0.014825667877568765,0.0430422774536385,3,3
war_rate,no2020,standalone,original5,swap_Discipline_Swing_pct,swap,1073,0.01907020503284596,0.005553231877560927,0.0323017132860722,3,3
war_rate,no2020,standalone,B2V,swap_Power_Barrel_pct,swap,1073,-0.019066612725711467,-0.04673695841129323,0.009329047825991739,0,3
war_rate,no2020,standalone,original5,swap_Power_Barrel_pct,swap,1073,-0.013838409795325843,-0.037135903279212554,0.00879278816017781,0,3
war_rate,no2020,standalone,B2V,swap_Power_EV,swap,1073,0.023827965158665705,-0.007335949998857516,0.053594499533860154,2,3
war_rate,no2020,standalone,original5,swap_Power_EV,swap,1073,0.02905616808905133,-0.0063174857496075265,0.06409510817848288,2,3
war_rate,no2020,standalone,B2V,swap_Power_HR_per_FB,swap,1073,0.02358920584157257,-0.005019652413001168,0.05397921947593501,2,3
war_rate,no2020,standalone,original5,swap_Power_HR_per_FB,swap,1073,0.028817408771958184,0.010263837445105162,0.047025571769879614,3,3
war_rate,no2020,standalone,B2V,swap_Power_HardHit_pct,swap,1073,0.007629300150336714,-0.021584533383972843,0.03678187567958982,2,3
war_rate,no2020,standalone,original5,swap_Power_HardHit_pct,swap,1073,0.01285750308072233,-0.022095760770361,0.04871168396033619,3,3
war_rate,no2020,standalone,B2V,swap_Power_SLG,swap,1073,-0.016221621043737644,-0.03885087215588285,0.007909097947828956,0,3
war_rate,no2020,standalone,original5,swap_Power_SLG,swap,1073,-0.010993418113352024,-0.02675534304713768,0.004381811001863605,0,3
war_rate,no2020,standalone,B2V,swap_Power_maxEV,swap,1073,0.01571653378135619,-0.01811510365656598,0.046450340290407184,2,3
war_rate,no2020,standalone,original5,swap_Power_maxEV,swap,1073,0.020944736711741806,-0.015429840004009094,0.05483446855175717,3,3
war_rate,no2020,standalone,B2V,swap_Speed_Spd,swap,1073,-0.005573161811745516,-0.03448312146647354,0.025063022950567712,1,3
war_rate,no2020,standalone,original5,swap_Speed_Spd,swap,1073,-0.00034495888135989655,-0.015293866631552234,0.013583092015324228,1,3
war_rate,no2020,standalone,B2V,swap_Speed_UBR,swap,1073,0.013763197069068032,-0.01614288865843061,0.04336164629078524,3,3
war_rate,no2020,standalone,original5,swap_Speed_UBR,swap,1073,0.018991399999453647,0.003674741418155969,0.033688621384717614,3,3
war_rate,no2020,standalone,B2V,swap_Speed_wSB,swap,1073,0.007286199130489409,-0.022272305513509172,0.037417419974603294,2,3
war_rate,no2020,standalone,original5,swap_Speed_wSB,swap,1073,0.012514402060875023,-0.000948496595897763,0.02543300994525195,2,3
wrc_plus,all,history,original5,drop_Contact,drop,1706,0.08196190019678797,0.0261385676171356,0.14133527332228266,5,5
wrc_plus,all,history,original5,drop_Defense,drop,1706,0.05912737338889046,0.018902371914459072,0.10223511969543768,4,5
wrc_plus,all,history,original5,drop_Discipline,drop,1706,0.08817847399946593,0.015575572048694841,0.16454950043217903,4,5
wrc_plus,all,history,original5,drop_Power,drop,1706,0.053505071363591325,-0.04861326691493497,0.15365919210008167,3,5
wrc_plus,all,history,original5,drop_Speed,drop,1706,0.06983938937370343,0.017860474163138917,0.12224443905188033,5,5
wrc_plus,all,history,B2V,original5,original,1706,0.23129296332339008,0.09207866934270807,0.37457042268241186,4,5
wrc_plus,all,history,B2V,selected5,selected,1706,-0.23903306938534513,-0.4337394902038795,-0.05658165290227319,0,5
wrc_plus,all,history,original5,selected5,selected,1706,-0.4703260327087352,-0.732989366041145,-0.22836905157909407,0,5
wrc_plus,all,history,B2V,swap_Contact_AVG,swap,1706,0.3754300376371165,0.2121716027980753,0.5434677584453288,5,5
wrc_plus,all,history,original5,swap_Contact_AVG,swap,1706,0.1441370743137264,0.06572410486728134,0.22685274862572785,5,5
wrc_plus,all,history,B2V,swap_Contact_K_pct,swap,1706,0.2396422017686329,0.1032002411821578,0.38145823068307344,5,5
wrc_plus,all,history,original5,swap_Contact_K_pct,swap,1706,0.008349238445242782,-0.022671485195701724,0.0404089403113156,3,5
wrc_plus,all,history,B2V,swap_Contact_SwStr_pct,swap,1706,0.3028875548100591,0.16194155606233043,0.4493298983656696,5,5
wrc_plus,all,history,original5,swap_Contact_SwStr_pct,swap,1706,0.07159459148666898,0.04233645291091106,0.10185853398760088,5,5
wrc_plus,all,history,B2V,swap_Contact_xBA,swap,1706,0.19601902555683218,0.08738872015561458,0.3151749208999547,4,5
wrc_plus,all,history,original5,swap_Contact_xBA,swap,1706,-0.03527393776655794,-0.12584344121610344,0.05289156967477801,2,5
wrc_plus,all,history,B2V,swap_Defense_Fld,swap,1706,0.29448690378626374,0.15895378666099277,0.4355231997050855,5,5
wrc_plus,all,history,original5,swap_Defense_Fld,swap,1706,0.06319394046287363,0.0177626653453987,0.10981876197662718,4,5
wrc_plus,all,history,B2V,swap_Discipline_BB_per_K,swap,1706,0.2985008879917228,0.16027470385381867,0.44237381909648305,5,5
wrc_plus,all,history,original5,swap_Discipline_BB_per_K,swap,1706,0.06720792466833267,0.017974864845729143,0.11316565086331364,4,5
wrc_plus,all,history,B2V,swap_Discipline_O_Swing_pct,swap,1706,0.30100302646758204,0.1559134424236582,0.44055426010193705,5,5
wrc_plus,all,history,original5,swap_Discipline_O_Swing_pct,swap,1706,0.06971006314419194,0.021229608843513593,0.11997435051838065,4,5
wrc_plus,all,history,B2V,swap_Discipline_Swing_pct,swap,1706,0.31961547454934636,0.17284154624637252,0.46382869268763915,5,5
wrc_plus,all,history,original5,swap_Discipline_Swing_pct,swap,1706,0.08832251122595623,0.02881887664325804,0.14950482025047104,4,5
wrc_plus,all,history,B2V,swap_Power_Barrel_pct,swap,1706,-0.18457222704409754,-0.3500591671514181,-0.03545142698062416,1,5
wrc_plus,all,history,original5,swap_Power_Barrel_pct,swap,1706,-0.41586519036748765,-0.6025281581344355,-0.240828444813652,0,5
wrc_plus,all,history,B2V,swap_Power_EV,swap,1706,-0.17749470240954282,-0.33632879207641037,-0.01448911596679249,1,5
wrc_plus,all,history,original5,swap_Power_EV,swap,1706,-0.40878766573293296,-0.6292499033685084,-0.19376706845743022,1,5
wrc_plus,all,history,B2V,swap_Power_HR_per_FB,swap,1706,0.266902417920477,0.10650059406415897,0.4247340432326118,5,5
wrc_plus,all,history,original5,swap_Power_HR_per_FB,swap,1706,0.03560945459708685,-0.03407356916172359,0.10441085238973559,4,5
wrc_plus,all,history,B2V,swap_Power_HardHit_pct,swap,1706,-0.23903306938534513,-0.4337394902038795,-0.05658165290227319,0,5
wrc_plus,all,history,original5,swap_Power_HardHit_pct,swap,1706,-0.4703260327087352,-0.732989366041145,-0.22836905157909407,0,5
wrc_plus,all,history,B2V,swap_Power_SLG,swap,1706,0.29682570854536505,0.1407007354592892,0.4477451482524254,5,5
wrc_plus,all,history,original5,swap_Power_SLG,swap,1706,0.06553274522197493,0.006170785776956756,0.12241803614096444,4,5
wrc_plus,all,history,B2V,swap_Power_maxEV,swap,1706,-0.12987003748151732,-0.29599242697140626,0.03897623435513506,1,5
wrc_plus,all,history,original5,swap_Power_maxEV,swap,1706,-0.3611630008049074,-0.5472797245709139,-0.18285693741410944,0,5
wrc_plus,all,history,B2V,swap_Speed_Spd,swap,1706,0.30642057160834996,0.1599922463990766,0.45479430955686195,5,5
wrc_plus,all,history,original5,swap_Speed_Spd,swap,1706,0.07512760828495987,0.03139681626639801,0.12039609331707506,5,5
wrc_plus,all,history,B2V,swap_Speed_UBR,swap,1706,0.3070175448123482,0.16127016013392453,0.44807313223846607,4,5
wrc_plus,all,history,original5,swap_Speed_UBR,swap,1706,0.07572458148895812,0.03420981370979481,0.11692706630261468,4,5
wrc_plus,all,history,B2V,swap_Speed_wSB,swap,1706,0.29352375994320296,0.15056814334500768,0.43513505385145085,5,5
wrc_plus,all,history,original5,swap_Speed_wSB,swap,1706,0.062230796619812845,0.017543826000060037,0.10569281997665028,5,5
wrc_plus,all,standalone,original5,drop_Contact,drop,1706,0.3474741297271678,0.17653317105453778,0.5415595884511122,5,5
wrc_plus,all,standalone,original5,drop_Defense,drop,1706,0.1204443732999337,0.02969100513328167,0.2151350126186688,4,5
wrc_plus,all,standalone,original5,drop_Discipline,drop,1706,0.2958616203413466,0.11817225569728045,0.4815968242523234,4,5
wrc_plus,all,standalone,original5,drop_Power,drop,1706,1.4730154695211004,1.0421772237789333,1.9242837547540652,5,5
wrc_plus,all,standalone,original5,drop_Speed,drop,1706,0.08537448326971936,-0.0007582825453805064,0.17478489748815357,4,5
wrc_plus,all,standalone,B2V,original5,original,1706,0.7508611260299985,0.4545689623064989,1.064090176132977,5,5
wrc_plus,all,standalone,B2V,selected5,selected,1706,0.6550113161433408,0.38864902744698177,0.9195450235101471,5,5
wrc_plus,all,standalone,original5,selected5,selected,1706,-0.0958498098866577,-0.4687901527039794,0.25107558656790907,2,5
wrc_plus,all,standalone,B2V,swap_Contact_AVG,swap,1706,0.665207184082704,0.4108415126407863,0.9225155506871903,4,5
wrc_plus,all,standalone,original5,swap_Contact_AVG,swap,1706,-0.08565394194729443,-0.2819769559266857,0.11534704085271084,1,5
wrc_plus,all,standalone,B2V,swap_Contact_K_pct,swap,1706,0.6747686748550538,0.3965842047404193,0.9581292485335938,5,5
wrc_plus,all,standalone,original5,swap_Contact_K_pct,swap,1706,-0.07609245117494465,-0.17687917004952328,0.021079907984835576,2,5
wrc_plus,all,standalone,B2V,swap_Contact_SwStr_pct,swap,1706,0.8893760291564524,0.5776813565322224,1.219839198732205,5,5
wrc_plus,all,standalone,original5,swap_Contact_SwStr_pct,swap,1706,0.13851490312645398,0.07373500874854262,0.2102472466450981,5,5
wrc_plus,all,standalone,B2V,swap_Contact_xBA,swap,1706,0.3273283286352086,0.13693729487941136,0.5271658516427926,4,5
wrc_plus,all,standalone,original5,swap_Contact_xBA,swap,1706,-0.4235327973947898,-0.7000103544673691,-0.15970973698594687,0,5
wrc_plus,all,standalone,B2V,swap_Defense_Fld,swap,1706,0.8501432226565804,0.5505629664421717,1.1685303950319776,5,5
wrc_plus,all,standalone,original5,swap_Defense_Fld,swap,1706,0.099282096626582,0.02762811835532588,0.17678464704561167,5,5
wrc_plus,all,standalone,B2V,swap_Discipline_BB_per_K,swap,1706,0.6891381361538765,0.40677041624009486,0.9901779355663815,5,5
wrc_plus,all,standalone,original5,swap_Discipline_BB_per_K,swap,1706,-0.06172298987612177,-0.16794925286555396,0.038014558127639736,2,5
wrc_plus,all,standalone,B2V,swap_Discipline_O_Swing_pct,swap,1706,0.9933964612967819,0.6682674969134202,1.3339612343053815,5,5
wrc_plus,all,standalone,original5,swap_Discipline_O_Swing_pct,swap,1706,0.24253533526678353,0.12250202984478306,0.36520123633529433,5,5
wrc_plus,all,standalone,B2V,swap_Discipline_Swing_pct,swap,1706,1.0216123381124138,0.6917505040350106,1.3653928216260713,5,5
wrc_plus,all,standalone,original5,swap_Discipline_Swing_pct,swap,1706,0.27075121208241554,0.13499181877941124,0.4155242939965596,4,5
wrc_plus,all,standalone,B2V,swap_Power_Barrel_pct,swap,1706,0.2063158802947568,-0.059447868855995616,0.4836922668022647,4,5
wrc_plus,all,standalone,original5,swap_Power_Barrel_pct,swap,1706,-0.5445452457352415,-0.8504849706001338,-0.25248176478095596,1,5
wrc_plus,all,standalone,B2V,swap_Power_EV,swap,1706,0.5915704715537305,0.2692957694187891,0.9117685453740616,4,5
wrc_plus,all,standalone,original5,swap_Power_EV,swap,1706,-0.1592906544762678,-0.5640028702877822,0.25151399045034717,2,5
wrc_plus,all,standalone,B2V,swap_Power_HR_per_FB,swap,1706,1.051614542969428,0.7178286125616878,1.400109792121048,5,5
wrc_plus,all,standalone,original5,swap_Power_HR_per_FB,swap,1706,0.30075341693942964,0.08146754135043625,0.52537572688673,4,5
wrc_plus,all,standalone,B2V,swap_Power_HardHit_pct,swap,1706,0.40815719853341653,0.09475259352630898,0.7006565841673864,4,5
wrc_plus,all,standalone,original5,swap_Power_HardHit_pct,swap,1706,-0.34270392749658185,-0.7949639070191824,0.06793971060674048,2,5
wrc_plus,all,standalone,B2V,swap_Power_SLG,swap,1706,0.5138173182397798,0.2685212909117447,0.7649912978373287,4,5
wrc_plus,all,standalone,original5,swap_Power_SLG,swap,1706,-0.23704380779021864,-0.4161051950975988,-0.053756520370323475,1,5
wrc_plus,all,standalone,B2V,swap_Power_maxEV,swap,1706,0.7849637284352607,0.41930751275197775,1.1678747171090438,5,5
wrc_plus,all,standalone,original5,swap_Power_maxEV,swap,1706,0.034102602405262264,-0.33259208529616824,0.437912697111566,3,5
wrc_plus,all,standalone,B2V,swap_Speed_Spd,swap,1706,0.8030205250881002,0.50347511980456,1.1292846198989857,5,5
wrc_plus,all,standalone,original5,swap_Speed_Spd,swap,1706,0.05215939905810189,-0.010471832387755864,0.12178807500263282,3,5
wrc_plus,all,standalone,B2V,swap_Speed_UBR,swap,1706,0.7930697694956722,0.4987865838615897,1.1018897463223816,5,5
wrc_plus,all,standalone,original5,swap_Speed_UBR,swap,1706,0.042208643465673844,-0.020659179903069,0.10204077671820298,3,5
wrc_plus,all,standalone,B2V,swap_Speed_wSB,swap,1706,0.8116712407313742,0.50982795326334,1.1220038550198062,5,5
wrc_plus,all,standalone,original5,swap_Speed_wSB,swap,1706,0.060810114701375664,0.003187125794333756,0.12432914752533772,4,5
wrc_plus,no2020,history,original5,drop_Contact,drop,1073,0.16714939776473522,0.0496474722944658,0.2776691043571902,3,3
wrc_plus,no2020,history,original5,drop_Defense,drop,1073,0.05859627663633005,-0.03492502161331572,0.1447366140966214,3,3
wrc_plus,no2020,history,original5,drop_Discipline,drop,1073,0.09502651953521436,-0.022557120004995834,0.20903145142522675,2,3
wrc_plus,no2020,history,original5,drop_Power,drop,1073,0.1367483304227168,0.027749631218688897,0.24425980691773844,2,3
wrc_plus,no2020,history,original5,drop_Speed,drop,1073,0.04818065771159718,-0.05518218040253089,0.1429396456355679,3,3
wrc_plus,no2020,history,B2V,original5,original,1073,0.22240975452463824,0.02529957023761682,0.4214260498112156,3,3
wrc_plus,no2020,history,B2V,selected5,selected,1073,-0.1445064863159347,-0.3501235458172758,0.06066125587563902,0,3
wrc_plus,no2020,history,original5,selected5,selected,1073,-0.36691624084057295,-0.6480944720287158,-0.08701219058535288,0,3
wrc_plus,no2020,history,B2V,swap_Contact_AVG,swap,1073,0.412271534705026,0.18952853041982465,0.6569342111959343,3,3
wrc_plus,no2020,history,original5,swap_Contact_AVG,swap,1073,0.1898617801803877,0.06981651730633338,0.3097451050389904,3,3
wrc_plus,no2020,history,B2V,swap_Contact_K_pct,swap,1073,0.2412184818071107,0.04031889752981588,0.4620788951269755,3,3
wrc_plus,no2020,history,original5,swap_Contact_K_pct,swap,1073,0.01880872728247246,-0.042245690718350916,0.08380350813673826,2,3
wrc_plus,no2020,history,B2V,swap_Contact_SwStr_pct,swap,1073,0.29950044462007613,0.10225465244527632,0.5128276595696438,3,3
wrc_plus,no2020,history,original5,swap_Contact_SwStr_pct,swap,1073,0.07709069009543786,0.02991498140824822,0.1255014119213981,3,3
wrc_plus,no2020,history,B2V,swap_Contact_xBA,swap,1073,0.18019997793252945,0.009614680901153073,0.3550483533158513,3,3
wrc_plus,no2020,history,original5,swap_Contact_xBA,swap,1073,-0.04220977659210877,-0.17936274057091248,0.10172655629628444,1,3
wrc_plus,no2020,history,B2V,swap_Defense_Fld,swap,1073,0.28552573263778636,0.08540910881371122,0.48963290863577147,3,3
wrc_plus,no2020,history,original5,swap_Defense_Fld,swap,1073,0.06311597811314816,-0.008096702234874797,0.12702135164390368,3,3
wrc_plus,no2020,history,B2V,swap_Discipline_BB_per_K,swap,1073,0.22994182156498055,0.03127518340096076,0.4383241474159747,3,3
wrc_plus,no2020,history,original5,swap_Discipline_BB_per_K,swap,1073,0.007532067040342312,-0.06302876258188501,0.0817425029212189,2,3
wrc_plus,no2020,history,B2V,swap_Discipline_O_Swing_pct,swap,1073,0.3018202148533806,0.10713377345127668,0.5177044183186713,3,3
wrc_plus,no2020,history,original5,swap_Discipline_O_Swing_pct,swap,1073,0.0794104603287424,0.00400972348922739,0.15242462419664535,2,3
wrc_plus,no2020,history,B2V,swap_Discipline_Swing_pct,swap,1073,0.2951761173414917,0.09304188933555366,0.5056453582701731,3,3
wrc_plus,no2020,history,original5,swap_Discipline_Swing_pct,swap,1073,0.07276636281685346,-0.014819593866318748,0.16165851119632038,2,3
wrc_plus,no2020,history,B2V,swap_Power_Barrel_pct,swap,1073,-0.12085667924931225,-0.30484282903460896,0.0590120297191991,0,3
wrc_plus,no2020,history,original5,swap_Power_Barrel_pct,swap,1073,-0.3432664337739505,-0.5213081788402415,-0.17517265652528902,0,3
wrc_plus,no2020,history,B2V,swap_Power_EV,swap,1073,-0.08963762342766128,-0.2964024367808351,0.11624493021022562,2,3
wrc_plus,no2020,history,original5,swap_Power_EV,swap,1073,-0.3120473779522996,-0.5930097440336091,-0.03607248009192333,0,3
wrc_plus,no2020,history,B2V,swap_Power_HR_per_FB,swap,1073,0.28659497046898086,0.0865181843707071,0.49735208301707967,3,3
wrc_plus,no2020,history,original5,swap_Power_HR_per_FB,swap,1073,0.06418521594434264,-0.026658572120663138,0.14856950105206287,2,3
wrc_plus,no2020,history,B2V,swap_Power_HardHit_pct,swap,1073,-0.1445064863159347,-0.3501235458172758,0.06066125587563902,0,3
wrc_plus,no2020,history,original5,swap_Power_HardHit_pct,swap,1073,-0.36691624084057295,-0.6480944720287158,-0.08701219058535288,0,3
wrc_plus,no2020,history,B2V,swap_Power_SLG,swap,1073,0.2980133077010691,0.10021459986959665,0.5108565960195355,3,3
wrc_plus,no2020,history,original5,swap_Power_SLG,swap,1073,0.07560355317643087,0.01722797503386122,0.13173281455676555,3,3
wrc_plus,no2020,history,B2V,swap_Power_maxEV,swap,1073,-0.026378044151171898,-0.24345860954294601,0.18979089317371298,1,3
wrc_plus,no2020,history,original5,swap_Power_maxEV,swap,1073,-0.2487877986758101,-0.49155406493549414,-0.01972101144679569,0,3
wrc_plus,no2020,history,B2V,swap_Speed_Spd,swap,1073,0.32560549043699155,0.12210939041456426,0.5339268649398734,3,3
wrc_plus,no2020,history,original5,swap_Speed_Spd,swap,1073,0.10319573591235334,0.0162079971096488,0.18849126609243913,3,3
wrc_plus,no2020,history,B2V,swap_Speed_UBR,swap,1073,0.33742965681006876,0.13519499267010548,0.5541953630820134,3,3
wrc_plus,no2020,history,original5,swap_Speed_UBR,swap,1073,0.11501990228543048,0.029947769624064247,0.18943849996058135,3,3
wrc_plus,no2020,history,B2V,swap_Speed_wSB,swap,1073,0.24165662253571396,0.04203317630291217,0.44955842002452895,3,3
wrc_plus,no2020,history,original5,swap_Speed_wSB,swap,1073,0.019246868011075738,-0.05637642964414313,0.09195662615625251,2,3
wrc_plus,no2020,standalone,original5,drop_Contact,drop,1073,0.49022795204772684,0.2208046845682235,0.7708466022938474,3,3
wrc_plus,no2020,standalone,original5,drop_Defense,drop,1073,0.11942833434686924,-0.08046805973695817,0.3052896896153889,3,3
wrc_plus,no2020,standalone,original5,drop_Discipline,drop,1073,0.4154503504450762,0.16062750621237684,0.6656722934607947,3,3
wrc_plus,no2020,standalone,original5,drop_Power,drop,1073,1.6015525858537256,1.1356513600725182,2.097449990231961,3,3
wrc_plus,no2020,standalone,original5,drop_Speed,drop,1073,0.05542951795113973,-0.08708178855447715,0.1908867837750924,2,3
wrc_plus,no2020,standalone,B2V,original5,original,1073,0.4732184424093293,0.07572297459513369,0.915500960796663,3,3
wrc_plus,no2020,standalone,B2V,selected5,selected,1073,0.3173353360441406,0.001586657519827206,0.6268775524407721,3,3
wrc_plus,no2020,standalone,original5,selected5,selected,1073,-0.1558831063651887,-0.6065631628614251,0.26611101945201915,1,3
wrc_plus,no2020,standalone,B2V,swap_Contact_AVG,swap,1073,0.4708038236053434,0.1496265419078174,0.8307832023352458,3,3
wrc_plus,no2020,standalone,original5,swap_Contact_AVG,swap,1073,-0.002414618803985955,-0.35648085383789746,0.3446807450506328,2,3
wrc_plus,no2020,standalone,B2V,swap_Contact_K_pct,swap,1073,0.3190223236320655,-0.047856640660918166,0.7448741532325254,3,3
wrc_plus,no2020,standalone,original5,swap_Contact_K_pct,swap,1073,-0.15419611877726377,-0.32239436245173236,0.021200320725673752,0,3
wrc_plus,no2020,standalone,B2V,swap_Contact_SwStr_pct,swap,1073,0.6561886264058643,0.23152888077068684,1.132757752868808,3,3
wrc_plus,no2020,standalone,original5,swap_Contact_SwStr_pct,swap,1073,0.1829701839965349,0.0811445939308502,0.29322275104234047,3,3
wrc_plus,no2020,standalone,B2V,swap_Contact_xBA,swap,1073,0.14858665853381087,-0.13799628252332302,0.4206640415606688,2,3
wrc_plus,no2020,standalone,original5,swap_Contact_xBA,swap,1073,-0.32463178387551844,-0.7334093551966856,0.06882112664312524,0,3
wrc_plus,no2020,standalone,B2V,swap_Defense_Fld,swap,1073,0.6009078348556723,0.17217899881925397,1.0659508469252705,3,3
wrc_plus,no2020,standalone,original5,swap_Defense_Fld,swap,1073,0.12768939244634311,-0.020385613291111056,0.26283705901706916,3,3
wrc_plus,no2020,standalone,B2V,swap_Discipline_BB_per_K,swap,1073,0.35574332811065645,-0.027094892215977048,0.7752217800461654,3,3
wrc_plus,no2020,standalone,original5,swap_Discipline_BB_per_K,swap,1073,-0.11747511429867288,-0.27928366473867655,0.03683261129174939,0,3
wrc_plus,no2020,standalone,B2V,swap_Discipline_O_Swing_pct,swap,1073,0.7777183116834017,0.3484924621442058,1.2471766929123842,3,3
wrc_plus,no2020,standalone,original5,swap_Discipline_O_Swing_pct,swap,1073,0.30449986927407235,0.12468925752495394,0.47259686848471777,3,3
wrc_plus,no2020,standalone,B2V,swap_Discipline_Swing_pct,swap,1073,0.8341405195137733,0.4075179463264377,1.2944538746384167,3,3
wrc_plus,no2020,standalone,original5,swap_Discipline_Swing_pct,swap,1073,0.36092207710444413,0.16135691348437947,0.5523022239784723,3,3
wrc_plus,no2020,standalone,B2V,swap_Power_Barrel_pct,swap,1073,-0.003654747098777225,-0.4085703440214609,0.41771420914451174,2,3
wrc_plus,no2020,standalone,original5,swap_Power_Barrel_pct,swap,1073,-0.47687318950810664,-0.8224832651756147,-0.16001473097637395,0,3
wrc_plus,no2020,standalone,B2V,swap_Power_EV,swap,1073,0.5758875765473397,0.13947890218848294,1.0187107791804275,2,3
wrc_plus,no2020,standalone,original5,swap_Power_EV,swap,1073,0.10266913413801039,-0.4146322510494625,0.6443043324343711,2,3
wrc_plus,no2020,standalone,B2V,swap_Power_HR_per_FB,swap,1073,0.9323595401168875,0.5225248793719285,1.38809131606814,3,3
wrc_plus,no2020,standalone,original5,swap_Power_HR_per_FB,swap,1073,0.4591410977075581,0.18826919328819658,0.7403990243734192,3,3
wrc_plus,no2020,standalone,B2V,swap_Power_HardHit_pct,swap,1073,0.3553967655790288,-0.05379552927608868,0.76517755950677,2,3
wrc_plus,no2020,standalone,original5,swap_Power_HardHit_pct,swap,1073,-0.11782167683030056,-0.6834618066384233,0.41220095959873654,2,3
wrc_plus,no2020,standalone,B2V,swap_Power_SLG,swap,1073,0.21594079702776234,-0.0865333093224799,0.5622309410915837,2,3
wrc_plus,no2020,standalone,original5,swap_Power_SLG,swap,1073,-0.257277645381567,-0.51445332340837,-0.002253543774231355,0,3
wrc_plus,no2020,standalone,B2V,swap_Power_maxEV,swap,1073,0.5518967146320168,0.08037331105604127,1.041551052702481,3,3
wrc_plus,no2020,standalone,original5,swap_Power_maxEV,swap,1073,0.07867827222268746,-0.4229745566615519,0.5554113182884818,2,3
wrc_plus,no2020,standalone,B2V,swap_Speed_Spd,swap,1073,0.48422178718227243,0.09839036958705974,0.943001959433271,3,3
wrc_plus,no2020,standalone,original5,swap_Speed_Spd,swap,1073,0.011003344772943076,-0.09417418871219088,0.11154371380908393,2,3
wrc_plus,no2020,standalone,B2V,swap_Speed_UBR,swap,1073,0.6326986026271352,0.23575870731991158,1.0747714452433001,3,3
wrc_plus,no2020,standalone,original5,swap_Speed_UBR,swap,1073,0.15948016021780578,0.055175165377982706,0.2557936013802288,3,3
wrc_plus,no2020,standalone,B2V,swap_Speed_wSB,swap,1073,0.4799323914614965,0.07509570820714143,0.9417273837606469,3,3
wrc_plus,no2020,standalone,original5,swap_Speed_wSB,swap,1073,0.0067139490521672335,-0.08540246801881084,0.0981857245576459,2,3
