target,window,context,fold,model,n_test,mae
war_rate,all,history,2020->21,B2V,279,1.6784663811483824
war_rate,all,history,2020->21,drop_Contact,279,1.6970235348035305
war_rate,all,history,2020->21,drop_Defense,279,1.7263858488118753
war_rate,all,history,2020->21,drop_Discipline,279,1.6972230609089505
war_rate,all,history,2020->21,drop_Power,279,1.690093293475104
war_rate,all,history,2020->21,drop_Speed,279,1.7083798296792043
war_rate,all,history,2020->21,original5,279,1.7006782200679724
war_rate,all,history,2020->21,selected5,279,1.7200873942389023
war_rate,all,history,2020->21,swap_Contact_AVG,279,1.7200873942389023
war_rate,all,history,2020->21,swap_Contact_K_pct,279,1.7011470190356326
war_rate,all,history,2020->21,swap_Contact_SwStr_pct,279,1.700172439817239
war_rate,all,history,2020->21,swap_Contact_xBA,279,1.6967291798172446
war_rate,all,history,2020->21,swap_Defense_Fld,279,1.7119508676093544
war_rate,all,history,2020->21,swap_Discipline_BB_per_K,279,1.7004379908634206
war_rate,all,history,2020->21,swap_Discipline_O_Swing_pct,279,1.7012535194025384
war_rate,all,history,2020->21,swap_Discipline_Swing_pct,279,1.7007606114525486
war_rate,all,history,2020->21,swap_Power_Barrel_pct,279,1.6553995051718464
war_rate,all,history,2020->21,swap_Power_EV,279,1.6533118975123238
war_rate,all,history,2020->21,swap_Power_HR_per_FB,279,1.6914745969873393
war_rate,all,history,2020->21,swap_Power_HardHit_pct,279,1.6689705260220382
war_rate,all,history,2020->21,swap_Power_SLG,279,1.709934243544644
war_rate,all,history,2020->21,swap_Power_maxEV,279,1.669887970776037
war_rate,all,history,2020->21,swap_Speed_Spd,279,1.7047856060818516
war_rate,all,history,2020->21,swap_Speed_UBR,279,1.707247959041234
war_rate,all,history,2020->21,swap_Speed_wSB,279,1.7078277353591163
war_rate,all,history,2021->22,B2V,354,1.5587712825012752
war_rate,all,history,2021->22,drop_Contact,354,1.563963835939678
war_rate,all,history,2021->22,drop_Defense,354,1.5650032644521354
war_rate,all,history,2021->22,drop_Discipline,354,1.5604233316918914
war_rate,all,history,2021->22,drop_Power,354,1.547730463960125
war_rate,all,history,2021->22,drop_Speed,354,1.5640395929454722
war_rate,all,history,2021->22,original5,354,1.5610058563189368
war_rate,all,history,2021->22,selected5,354,1.5594120211549818
war_rate,all,history,2021->22,swap_Contact_AVG,354,1.5647686555454707
war_rate,all,history,2021->22,swap_Contact_K_pct,354,1.5606217513652472
war_rate,all,history,2021->22,swap_Contact_SwStr_pct,354,1.5628587018546276
war_rate,all,history,2021->22,swap_Contact_xBA,354,1.556741190393257
war_rate,all,history,2021->22,swap_Defense_Fld,354,1.5645558160684794
war_rate,all,history,2021->22,swap_Discipline_BB_per_K,354,1.5600693539537265
war_rate,all,history,2021->22,swap_Discipline_O_Swing_pct,354,1.5601331919202621
war_rate,all,history,2021->22,swap_Discipline_Swing_pct,354,1.563075196022977
war_rate,all,history,2021->22,swap_Power_Barrel_pct,354,1.5594120211549818
war_rate,all,history,2021->22,swap_Power_EV,354,1.537768568907423
war_rate,all,history,2021->22,swap_Power_HR_per_FB,354,1.5482817990616553
war_rate,all,history,2021->22,swap_Power_HardHit_pct,354,1.5326258235992398
war_rate,all,history,2021->22,swap_Power_SLG,354,1.5546210939360194
war_rate,all,history,2021->22,swap_Power_maxEV,354,1.5296979933135069
war_rate,all,history,2021->22,swap_Speed_Spd,354,1.566294150783113
war_rate,all,history,2021->22,swap_Speed_UBR,354,1.5638345077124007
war_rate,all,history,2021->22,swap_Speed_wSB,354,1.5629035367433495
war_rate,all,history,2022->23,B2V,353,1.5354656370533017
war_rate,all,history,2022->23,drop_Contact,353,1.5610921642969722
war_rate,all,history,2022->23,drop_Defense,353,1.5564054771463942
war_rate,all,history,2022->23,drop_Discipline,353,1.5553343084455518
war_rate,all,history,2022->23,drop_Power,353,1.5641508944613407
war_rate,all,history,2022->23,drop_Speed,353,1.5596239808111627
war_rate,all,history,2022->23,original5,353,1.5543240423930726
war_rate,all,history,2022->23,selected5,353,1.5305471218415163
war_rate,all,history,2022->23,swap_Contact_AVG,353,1.5644690288783913
war_rate,all,history,2022->23,swap_Contact_K_pct,353,1.5577929590948247
war_rate,all,history,2022->23,swap_Contact_SwStr_pct,353,1.5587339918845287
war_rate,all,history,2022->23,swap_Contact_xBA,353,1.5520091180844586
war_rate,all,history,2022->23,swap_Defense_Fld,353,1.5589263485602916
war_rate,all,history,2022->23,swap_Discipline_BB_per_K,353,1.5566347617380676
war_rate,all,history,2022->23,swap_Discipline_O_Swing_pct,353,1.555715504527805
war_rate,all,history,2022->23,swap_Discipline_Swing_pct,353,1.5573622219782093
war_rate,all,history,2022->23,swap_Power_Barrel_pct,353,1.5217905733726116
war_rate,all,history,2022->23,swap_Power_EV,353,1.5540736882447848
war_rate,all,history,2022->23,swap_Power_HR_per_FB,353,1.5585165516122133
war_rate,all,history,2022->23,swap_Power_HardHit_pct,353,1.5305471218415163
war_rate,all,history,2022->23,swap_Power_SLG,353,1.562929085599809
war_rate,all,history,2022->23,swap_Power_maxEV,353,1.531099833157883
war_rate,all,history,2022->23,swap_Speed_Spd,353,1.5500365248088113
war_rate,all,history,2022->23,swap_Speed_UBR,353,1.5536104097111463
war_rate,all,history,2022->23,swap_Speed_wSB,353,1.5620072889983414
war_rate,all,history,2023->24,B2V,358,1.562680668968219
war_rate,all,history,2023->24,drop_Contact,358,1.5657614772978514
war_rate,all,history,2023->24,drop_Defense,358,1.5886391722854114
war_rate,all,history,2023->24,drop_Discipline,358,1.5687293404982907
war_rate,all,history,2023->24,drop_Power,358,1.5680590362646183
war_rate,all,history,2023->24,drop_Speed,358,1.5634214754170437
war_rate,all,history,2023->24,original5,358,1.5611020895176195
war_rate,all,history,2023->24,selected5,358,1.5323548442446095
war_rate,all,history,2023->24,swap_Contact_AVG,358,1.5652929523999182
war_rate,all,history,2023->24,swap_Contact_K_pct,358,1.561025638108804
war_rate,all,history,2023->24,swap_Contact_SwStr_pct,358,1.564360167170037
war_rate,all,history,2023->24,swap_Contact_xBA,358,1.5581551507252926
war_rate,all,history,2023->24,swap_Defense_Fld,358,1.5787879622770975
war_rate,all,history,2023->24,swap_Discipline_BB_per_K,358,1.5652627435568798
war_rate,all,history,2023->24,swap_Discipline_O_Swing_pct,358,1.5654192235178939
war_rate,all,history,2023->24,swap_Discipline_Swing_pct,358,1.5686338813519969
war_rate,all,history,2023->24,swap_Power_Barrel_pct,358,1.5447355793709665
war_rate,all,history,2023->24,swap_Power_EV,358,1.5324926012782152
war_rate,all,history,2023->24,swap_Power_HR_per_FB,358,1.5659136581986428
war_rate,all,history,2023->24,swap_Power_HardHit_pct,358,1.5323548442446095
war_rate,all,history,2023->24,swap_Power_SLG,358,1.5645986589315084
war_rate,all,history,2023->24,swap_Power_maxEV,358,1.5451741770374503
war_rate,all,history,2023->24,swap_Speed_Spd,358,1.5633759891709595
war_rate,all,history,2023->24,swap_Speed_UBR,358,1.5671810651010052
war_rate,all,history,2023->24,swap_Speed_wSB,358,1.560893791347361
war_rate,all,history,2024->25,B2V,362,1.549146807637108
war_rate,all,history,2024->25,drop_Contact,362,1.551025042593954
war_rate,all,history,2024->25,drop_Defense,362,1.5546678167294719
war_rate,all,history,2024->25,drop_Discipline,362,1.5455814794551468
war_rate,all,history,2024->25,drop_Power,362,1.5542724239026688
war_rate,all,history,2024->25,drop_Speed,362,1.5408186095298726
war_rate,all,history,2024->25,original5,362,1.53562524074874
war_rate,all,history,2024->25,selected5,362,1.542693115380682
war_rate,all,history,2024->25,swap_Contact_AVG,362,1.5512801326317047
war_rate,all,history,2024->25,swap_Contact_K_pct,362,1.537476271340107
war_rate,all,history,2024->25,swap_Contact_SwStr_pct,362,1.5439401029118214
war_rate,all,history,2024->25,swap_Contact_xBA,362,1.543841043918087
war_rate,all,history,2024->25,swap_Defense_Fld,362,1.5494512243752814
war_rate,all,history,2024->25,swap_Discipline_BB_per_K,362,1.5386535329281386
war_rate,all,history,2024->25,swap_Discipline_O_Swing_pct,362,1.5427468576417764
war_rate,all,history,2024->25,swap_Discipline_Swing_pct,362,1.5450750443292842
war_rate,all,history,2024->25,swap_Power_Barrel_pct,362,1.5153945398010962
war_rate,all,history,2024->25,swap_Power_EV,362,1.5401195112963157
war_rate,all,history,2024->25,swap_Power_HR_per_FB,362,1.5492102693570018
war_rate,all,history,2024->25,swap_Power_HardHit_pct,362,1.542693115380682
war_rate,all,history,2024->25,swap_Power_SLG,362,1.5410883247559368
war_rate,all,history,2024->25,swap_Power_maxEV,362,1.5360880135059527
war_rate,all,history,2024->25,swap_Speed_Spd,362,1.5394821666736305
war_rate,all,history,2024->25,swap_Speed_UBR,362,1.5420090656129597
war_rate,all,history,2024->25,swap_Speed_wSB,362,1.5387153993547968
war_rate,all,history,pooled,B2V,1706,1.5723020797660732
war_rate,all,history,pooled,drop_Contact,1706,1.5827620002469542
war_rate,all,history,pooled,drop_Defense,1706,1.59238365427989
war_rate,all,history,pooled,drop_Discipline,1706,1.5803362859056023
war_rate,all,history,pooled,drop_Power,1706,1.5800642621933125
war_rate,all,history,pooled,drop_Speed,1706,1.5816743718983888
war_rate,all,history,pooled,original5,1706,1.5770999816523883
war_rate,all,history,pooled,selected5,1706,1.5704908056851987
war_rate,all,history,pooled,swap_Contact_AVG,1706,1.587355415721964
war_rate,all,history,pooled,swap_Contact_K_pct,1706,1.5781914545854527
war_rate,all,history,pooled,swap_Contact_SwStr_pct,1706,1.5807622786645597
war_rate,all,history,pooled,swap_Contact_xBA,1706,1.576215148364619
war_rate,all,history,pooled,swap_Defense_Fld,1706,1.5872775414490545
war_rate,all,history,pooled,swap_Discipline_BB_per_K,1706,1.5788601774662372
war_rate,all,history,pooled,swap_Discipline_O_Swing_pct,1706,1.5797179949807298
war_rate,all,history,pooled,swap_Discipline_Swing_pct,1706,1.5817572039372325
war_rate,all,history,pooled,swap_Power_Barrel_pct,1706,1.554905363807235
war_rate,all,history,pooled,swap_Power_EV,1706,1.5594300815336708
war_rate,all,history,pooled,swap_Power_HR_per_FB,1706,1.5777143723849674
war_rate,all,history,pooled,swap_Power_HardHit_pct,1706,1.5565729157864665
war_rate,all,history,pooled,swap_Power_SLG,1706,1.5809623574901341
war_rate,all,history,pooled,swap_Power_maxEV,1706,1.5575183416487635
war_rate,all,history,pooled,swap_Speed_Spd,1706,1.5792774649417507
war_rate,all,history,pooled,swap_Speed_UBR,1706,1.581243947238441
war_rate,all,history,pooled,swap_Speed_wSB,1706,1.5808647802213047
war_rate,all,standalone,2020->21,B2V,279,1.7417229202601954
war_rate,all,standalone,2020->21,drop_Contact,279,1.7556783181406443
war_rate,all,standalone,2020->21,drop_Defense,279,1.8188358534266513
war_rate,all,standalone,2020->21,drop_Discipline,279,1.756961833617404
war_rate,all,standalone,2020->21,drop_Power,279,1.8318341616747604
war_rate,all,standalone,2020->21,drop_Speed,279,1.7509708671926614
war_rate,all,standalone,2020->21,original5,279,1.7458796167339605
war_rate,all,standalone,2020->21,selected5,279,1.7402620249164464
war_rate,all,standalone,2020->21,swap_Contact_AVG,279,1.7548404477981374
war_rate,all,standalone,2020->21,swap_Contact_K_pct,279,1.7421596655780434
war_rate,all,standalone,2020->21,swap_Contact_SwStr_pct,279,1.753925800759001
war_rate,all,standalone,2020->21,swap_Contact_xBA,279,1.7402620249164464
war_rate,all,standalone,2020->21,swap_Defense_Fld,279,1.7885038223644596
war_rate,all,standalone,2020->21,swap_Discipline_BB_per_K,279,1.7556756595356966
war_rate,all,standalone,2020->21,swap_Discipline_O_Swing_pct,279,1.7531255638424672
war_rate,all,standalone,2020->21,swap_Discipline_Swing_pct,279,1.7577957532834194
war_rate,all,standalone,2020->21,swap_Power_Barrel_pct,279,1.704217545288396
war_rate,all,standalone,2020->21,swap_Power_EV,279,1.733157621862857
war_rate,all,standalone,2020->21,swap_Power_HR_per_FB,279,1.785739145547623
war_rate,all,standalone,2020->21,swap_Power_HardHit_pct,279,1.7415137967469632
war_rate,all,standalone,2020->21,swap_Power_SLG,279,1.755039357587624
war_rate,all,standalone,2020->21,swap_Power_maxEV,279,1.779619661000707
war_rate,all,standalone,2020->21,swap_Speed_Spd,279,1.7536646860256204
war_rate,all,standalone,2020->21,swap_Speed_UBR,279,1.748215845994426
war_rate,all,standalone,2020->21,swap_Speed_wSB,279,1.763274647126265
war_rate,all,standalone,2021->22,B2V,354,1.6290291835951034
war_rate,all,standalone,2021->22,drop_Contact,354,1.692928370743996
war_rate,all,standalone,2021->22,drop_Defense,354,1.7523703772708095
war_rate,all,standalone,2021->22,drop_Discipline,354,1.6880714290445653
war_rate,all,standalone,2021->22,drop_Power,354,1.7288098930707094
war_rate,all,standalone,2021->22,drop_Speed,354,1.6964135754657546
war_rate,all,standalone,2021->22,original5,354,1.671463884664601
war_rate,all,standalone,2021->22,selected5,354,1.654344007305439
war_rate,all,standalone,2021->22,swap_Contact_AVG,354,1.652562197817354
war_rate,all,standalone,2021->22,swap_Contact_K_pct,354,1.6622281924238915
war_rate,all,standalone,2021->22,swap_Contact_SwStr_pct,354,1.6798660629168984
war_rate,all,standalone,2021->22,swap_Contact_xBA,354,1.6328015952271553
war_rate,all,standalone,2021->22,swap_Defense_Fld,354,1.7041525068020666
war_rate,all,standalone,2021->22,swap_Discipline_BB_per_K,354,1.664266220831518
war_rate,all,standalone,2021->22,swap_Discipline_O_Swing_pct,354,1.6811830298976818
war_rate,all,standalone,2021->22,swap_Discipline_Swing_pct,354,1.686509478496392
war_rate,all,standalone,2021->22,swap_Power_Barrel_pct,354,1.654344007305439
war_rate,all,standalone,2021->22,swap_Power_EV,354,1.6426845451897716
war_rate,all,standalone,2021->22,swap_Power_HR_per_FB,354,1.6731691122566872
war_rate,all,standalone,2021->22,swap_Power_HardHit_pct,354,1.6292881249743822
war_rate,all,standalone,2021->22,swap_Power_SLG,354,1.6442063992154508
war_rate,all,standalone,2021->22,swap_Power_maxEV,354,1.6532294366360183
war_rate,all,standalone,2021->22,swap_Speed_Spd,354,1.6826846061073601
war_rate,all,standalone,2021->22,swap_Speed_UBR,354,1.6822861349592484
war_rate,all,standalone,2021->22,swap_Speed_wSB,354,1.687937695081369
war_rate,all,standalone,2022->23,B2V,353,1.5323763057368873
war_rate,all,standalone,2022->23,drop_Contact,353,1.5825594373032392
war_rate,all,standalone,2022->23,drop_Defense,353,1.5948442900569682
war_rate,all,standalone,2022->23,drop_Discipline,353,1.5650491709775767
war_rate,all,standalone,2022->23,drop_Power,353,1.6801806012800247
war_rate,all,standalone,2022->23,drop_Speed,353,1.569961279672698
war_rate,all,standalone,2022->23,original5,353,1.5506028687516493
war_rate,all,standalone,2022->23,selected5,353,1.5393443571222127
war_rate,all,standalone,2022->23,swap_Contact_AVG,353,1.5505681032031409
war_rate,all,standalone,2022->23,swap_Contact_K_pct,353,1.551778625760861
war_rate,all,standalone,2022->23,swap_Contact_SwStr_pct,353,1.5619345874007882
war_rate,all,standalone,2022->23,swap_Contact_xBA,353,1.5393443571222127
war_rate,all,standalone,2022->23,swap_Defense_Fld,353,1.5724627893156202
war_rate,all,standalone,2022->23,swap_Discipline_BB_per_K,353,1.5502838052466403
war_rate,all,standalone,2022->23,swap_Discipline_O_Swing_pct,353,1.5588057636815063
war_rate,all,standalone,2022->23,swap_Discipline_Swing_pct,353,1.5622952225473947
war_rate,all,standalone,2022->23,swap_Power_Barrel_pct,353,1.5456920491215014
war_rate,all,standalone,2022->23,swap_Power_EV,353,1.62712415165607
war_rate,all,standalone,2022->23,swap_Power_HR_per_FB,353,1.5884122541810595
war_rate,all,standalone,2022->23,swap_Power_HardHit_pct,353,1.5772506850020234
war_rate,all,standalone,2022->23,swap_Power_SLG,353,1.537561332908397
war_rate,all,standalone,2022->23,swap_Power_maxEV,353,1.590724754899973
war_rate,all,standalone,2022->23,swap_Speed_Spd,353,1.5407616075863901
war_rate,all,standalone,2022->23,swap_Speed_UBR,353,1.5562159794909045
war_rate,all,standalone,2022->23,swap_Speed_wSB,353,1.568733370284778
war_rate,all,standalone,2023->24,B2V,358,1.5988580018441996
war_rate,all,standalone,2023->24,drop_Contact,358,1.609684481007453
war_rate,all,standalone,2023->24,drop_Defense,358,1.6745794330079216
war_rate,all,standalone,2023->24,drop_Discipline,358,1.6125760366706836
war_rate,all,standalone,2023->24,drop_Power,358,1.6424850783924685
war_rate,all,standalone,2023->24,drop_Speed,358,1.6037400930348087
war_rate,all,standalone,2023->24,original5,358,1.5813737076676366
war_rate,all,standalone,2023->24,selected5,358,1.5854961553547344
war_rate,all,standalone,2023->24,swap_Contact_AVG,358,1.5978075646815664
war_rate,all,standalone,2023->24,swap_Contact_K_pct,358,1.5775223335288422
war_rate,all,standalone,2023->24,swap_Contact_SwStr_pct,358,1.5950762120190694
war_rate,all,standalone,2023->24,swap_Contact_xBA,358,1.5854961553547344
war_rate,all,standalone,2023->24,swap_Defense_Fld,358,1.6372178515329947
war_rate,all,standalone,2023->24,swap_Discipline_BB_per_K,358,1.5879841854869927
war_rate,all,standalone,2023->24,swap_Discipline_O_Swing_pct,358,1.5990972665670675
war_rate,all,standalone,2023->24,swap_Discipline_Swing_pct,358,1.6065217949061994
war_rate,all,standalone,2023->24,swap_Power_Barrel_pct,358,1.5672648417941657
war_rate,all,standalone,2023->24,swap_Power_EV,358,1.5634632972233449
war_rate,all,standalone,2023->24,swap_Power_HR_per_FB,358,1.5962751574021286
war_rate,all,standalone,2023->24,swap_Power_HardHit_pct,358,1.576972968601574
war_rate,all,standalone,2023->24,swap_Power_SLG,358,1.5822491643692764
war_rate,all,standalone,2023->24,swap_Power_maxEV,358,1.5899271837712987
war_rate,all,standalone,2023->24,swap_Speed_Spd,358,1.5835105385026287
war_rate,all,standalone,2023->24,swap_Speed_UBR,358,1.6056243064113653
war_rate,all,standalone,2023->24,swap_Speed_wSB,358,1.5895844822006262
war_rate,all,standalone,2024->25,B2V,362,1.5806120075700045
war_rate,all,standalone,2024->25,drop_Contact,362,1.5997391260074765
war_rate,all,standalone,2024->25,drop_Defense,362,1.6321201948753445
war_rate,all,standalone,2024->25,drop_Discipline,362,1.5789666573544552
war_rate,all,standalone,2024->25,drop_Power,362,1.6700133627024882
war_rate,all,standalone,2024->25,drop_Speed,362,1.5880703267423746
war_rate,all,standalone,2024->25,original5,362,1.5664520776118522
war_rate,all,standalone,2024->25,selected5,362,1.5650595205092648
war_rate,all,standalone,2024->25,swap_Contact_AVG,362,1.5682762543224618
war_rate,all,standalone,2024->25,swap_Contact_K_pct,362,1.5614763847007211
war_rate,all,standalone,2024->25,swap_Contact_SwStr_pct,362,1.5828241823404872
war_rate,all,standalone,2024->25,swap_Contact_xBA,362,1.5650595205092648
war_rate,all,standalone,2024->25,swap_Defense_Fld,362,1.5988648808520234
war_rate,all,standalone,2024->25,swap_Discipline_BB_per_K,362,1.5630858511302435
war_rate,all,standalone,2024->25,swap_Discipline_O_Swing_pct,362,1.5822568757069295
war_rate,all,standalone,2024->25,swap_Discipline_Swing_pct,362,1.5823022943526364
war_rate,all,standalone,2024->25,swap_Power_Barrel_pct,362,1.5509336432168794
war_rate,all,standalone,2024->25,swap_Power_EV,362,1.6002047542887257
war_rate,all,standalone,2024->25,swap_Power_HR_per_FB,362,1.6052252341722146
war_rate,all,standalone,2024->25,swap_Power_HardHit_pct,362,1.5904159217493694
war_rate,all,standalone,2024->25,swap_Power_SLG,362,1.5575455304236592
war_rate,all,standalone,2024->25,swap_Power_maxEV,362,1.6061050794552236
war_rate,all,standalone,2024->25,swap_Speed_Spd,362,1.5745301228836004
war_rate,all,standalone,2024->25,swap_Speed_UBR,362,1.5889892440655222
war_rate,all,standalone,2024->25,swap_Speed_wSB,362,1.5773518862595026
war_rate,all,standalone,pooled,B2V,1706,1.6108549666300982
war_rate,all,standalone,pooled,drop_Contact,1706,1.64311077560846
war_rate,all,standalone,pooled,drop_Defense,1706,1.6888049816012445
war_rate,all,standalone,pooled,drop_Discipline,1706,1.6348887138959751
war_rate,all,standalone,pooled,drop_Power,1706,1.7050050884343158
war_rate,all,standalone,pooled,drop_Speed,1706,1.6367338927158812
war_rate,all,standalone,pooled,original5,1706,1.6174377962191562
war_rate,all,standalone,pooled,selected5,1706,1.611206689122687
war_rate,all,standalone,pooled,swap_Contact_AVG,1706,1.6188095871128163
war_rate,all,standalone,pooled,swap_Contact_K_pct,1706,1.613292279233823
war_rate,all,standalone,pooled,swap_Contact_SwStr_pct,1706,1.6291913434624297
war_rate,all,standalone,pooled,swap_Contact_xBA,1706,1.6067365754792446
war_rate,all,standalone,pooled,swap_Defense_Fld,1706,1.6543112521648737
war_rate,all,standalone,pooled,swap_Discipline_BB_per_K,1706,1.6181531951643449
war_rate,all,standalone,pooled,swap_Discipline_O_Swing_pct,1706,1.6294097713436797
war_rate,all,standalone,pooled,swap_Discipline_Swing_pct,1706,1.6335684743523453
war_rate,all,standalone,pooled,swap_Power_Barrel_pct,1706,1.5998022035570336
war_rate,all,standalone,pooled,swap_Power_EV,1706,1.6286225747303544
war_rate,all,standalone,pooled,swap_Power_HR_per_FB,1706,1.6434880739700302
war_rate,all,standalone,pooled,swap_Power_HardHit_pct,1706,1.6176475520349844
war_rate,all,standalone,pooled,swap_Power_SLG,1706,1.6088750758871317
war_rate,all,standalone,pooled,swap_Power_maxEV,1706,1.6376828341271714
war_rate,all,standalone,pooled,swap_Speed_Spd,1706,1.6211654881060693
war_rate,all,standalone,pooled,swap_Speed_UBR,1706,1.6310981017674653
war_rate,all,standalone,pooled,swap_Speed_wSB,1706,1.6314883222575167
war_rate,no2020,history,2022->23,B2V,353,1.5419848490215808
war_rate,no2020,history,2022->23,drop_Contact,353,1.5874423742941197
war_rate,no2020,history,2022->23,drop_Defense,353,1.585933975981129
war_rate,no2020,history,2022->23,drop_Discipline,353,1.5717313076255508
war_rate,no2020,history,2022->23,drop_Power,353,1.5602872895955922
war_rate,no2020,history,2022->23,drop_Speed,353,1.5846986520548618
war_rate,no2020,history,2022->23,original5,353,1.5779510079152956
war_rate,no2020,history,2022->23,selected5,353,1.5276581426430544
war_rate,no2020,history,2022->23,swap_Contact_AVG,353,1.5899635224738873
war_rate,no2020,history,2022->23,swap_Contact_K_pct,353,1.5836773496604344
war_rate,no2020,history,2022->23,swap_Contact_SwStr_pct,353,1.5806717590716908
war_rate,no2020,history,2022->23,swap_Contact_xBA,353,1.5752291774359395
war_rate,no2020,history,2022->23,swap_Defense_Fld,353,1.5775645177425246
war_rate,no2020,history,2022->23,swap_Discipline_BB_per_K,353,1.576822292252172
war_rate,no2020,history,2022->23,swap_Discipline_O_Swing_pct,353,1.5702589233686621
war_rate,no2020,history,2022->23,swap_Discipline_Swing_pct,353,1.569048454506985
war_rate,no2020,history,2022->23,swap_Power_Barrel_pct,353,1.536741934146422
war_rate,no2020,history,2022->23,swap_Power_EV,353,1.5508362946635772
war_rate,no2020,history,2022->23,swap_Power_HR_per_FB,353,1.5595440948112216
war_rate,no2020,history,2022->23,swap_Power_HardHit_pct,353,1.5213423041840908
war_rate,no2020,history,2022->23,swap_Power_SLG,353,1.5762539889932063
war_rate,no2020,history,2022->23,swap_Power_maxEV,353,1.5276581426430544
war_rate,no2020,history,2022->23,swap_Speed_Spd,353,1.596417817719404
war_rate,no2020,history,2022->23,swap_Speed_UBR,353,1.5869567155349131
war_rate,no2020,history,2022->23,swap_Speed_wSB,353,1.5875737557039966
war_rate,no2020,history,2023->24,B2V,358,1.5664947927666772
war_rate,no2020,history,2023->24,drop_Contact,358,1.5676916929769136
war_rate,no2020,history,2023->24,drop_Defense,358,1.5880712191267852
war_rate,no2020,history,2023->24,drop_Discipline,358,1.5742069958729246
war_rate,no2020,history,2023->24,drop_Power,358,1.572982899615636
war_rate,no2020,history,2023->24,drop_Speed,358,1.5632677311015408
war_rate,no2020,history,2023->24,original5,358,1.5629766784399366
war_rate,no2020,history,2023->24,selected5,358,1.5423769178762807
war_rate,no2020,history,2023->24,swap_Contact_AVG,358,1.5672411327274642
war_rate,no2020,history,2023->24,swap_Contact_K_pct,358,1.5617236797949319
war_rate,no2020,history,2023->24,swap_Contact_SwStr_pct,358,1.5657192066145311
war_rate,no2020,history,2023->24,swap_Contact_xBA,358,1.5609942106954802
war_rate,no2020,history,2023->24,swap_Defense_Fld,358,1.5790942257480673
war_rate,no2020,history,2023->24,swap_Discipline_BB_per_K,358,1.568336744180871
war_rate,no2020,history,2023->24,swap_Discipline_O_Swing_pct,358,1.5676035966003068
war_rate,no2020,history,2023->24,swap_Discipline_Swing_pct,358,1.5713057369507217
war_rate,no2020,history,2023->24,swap_Power_Barrel_pct,358,1.5535521638607137
war_rate,no2020,history,2023->24,swap_Power_EV,358,1.5441522410300734
war_rate,no2020,history,2023->24,swap_Power_HR_per_FB,358,1.5674240454203776
war_rate,no2020,history,2023->24,swap_Power_HardHit_pct,358,1.5423769178762807
war_rate,no2020,history,2023->24,swap_Power_SLG,358,1.565736197215696
war_rate,no2020,history,2023->24,swap_Power_maxEV,358,1.552857904640072
war_rate,no2020,history,2023->24,swap_Speed_Spd,358,1.5655450587400703
war_rate,no2020,history,2023->24,swap_Speed_UBR,358,1.5737279326311429
war_rate,no2020,history,2023->24,swap_Speed_wSB,358,1.5595076057688193
war_rate,no2020,history,2024->25,B2V,362,1.5493562142174349
war_rate,no2020,history,2024->25,drop_Contact,362,1.5514960519850554
war_rate,no2020,history,2024->25,drop_Defense,362,1.550164216707902
war_rate,no2020,history,2024->25,drop_Discipline,362,1.5461818550165392
war_rate,no2020,history,2024->25,drop_Power,362,1.5514351264605482
war_rate,no2020,history,2024->25,drop_Speed,362,1.5408288102812109
war_rate,no2020,history,2024->25,original5,362,1.5352750155422994
war_rate,no2020,history,2024->25,selected5,362,1.5382281525268142
war_rate,no2020,history,2024->25,swap_Contact_AVG,362,1.5479789761628784
war_rate,no2020,history,2024->25,swap_Contact_K_pct,362,1.5374957371215698
war_rate,no2020,history,2024->25,swap_Contact_SwStr_pct,362,1.5432938492280972
war_rate,no2020,history,2024->25,swap_Contact_xBA,362,1.5418549487929103
war_rate,no2020,history,2024->25,swap_Defense_Fld,362,1.5471543072417087
war_rate,no2020,history,2024->25,swap_Discipline_BB_per_K,362,1.5371046723572104
war_rate,no2020,history,2024->25,swap_Discipline_O_Swing_pct,362,1.5445017698569645
war_rate,no2020,history,2024->25,swap_Discipline_Swing_pct,362,1.5461499179172307
war_rate,no2020,history,2024->25,swap_Power_Barrel_pct,362,1.5147967909019364
war_rate,no2020,history,2024->25,swap_Power_EV,362,1.5370919592112218
war_rate,no2020,history,2024->25,swap_Power_HR_per_FB,362,1.5460152338313362
war_rate,no2020,history,2024->25,swap_Power_HardHit_pct,362,1.5382281525268142
war_rate,no2020,history,2024->25,swap_Power_SLG,362,1.5365571796452833
war_rate,no2020,history,2024->25,swap_Power_maxEV,362,1.5347268122545386
war_rate,no2020,history,2024->25,swap_Speed_Spd,362,1.5405482482726545
war_rate,no2020,history,2024->25,swap_Speed_UBR,362,1.5435234211071815
war_rate,no2020,history,2024->25,swap_Speed_wSB,362,1.5374489040652126
war_rate,no2020,history,pooled,B2V,1073,1.5526493355655173
war_rate,no2020,history,pooled,drop_Contact,1073,1.568725400773671
war_rate,no2020,history,pooled,drop_Defense,1073,1.5745793442842386
war_rate,no2020,history,pooled,drop_Discipline,1073,1.5639376399164153
war_rate,no2020,history,pooled,drop_Power,1073,1.5615366328689282
war_rate,no2020,history,pooled,drop_Speed,1073,1.562747904223221
war_rate,no2020,history,pooled,original5,1073,1.5585572342049479
war_rate,no2020,history,pooled,selected5,1073,1.5361349973601246
war_rate,no2020,history,pooled,swap_Contact_AVG,1073,1.5682179294694096
war_rate,no2020,history,pooled,swap_Contact_K_pct,1073,1.5607722634060832
war_rate,no2020,history,pooled,swap_Contact_SwStr_pct,1073,1.5630726750613981
war_rate,no2020,history,pooled,swap_Contact_xBA,1073,1.5592202409383988
war_rate,no2020,history,pooled,swap_Defense_Fld,1073,1.5678153465073792
war_rate,no2020,history,pooled,swap_Discipline_BB_per_K,1073,1.5605915330615832
war_rate,no2020,history,pooled,swap_Discipline_O_Swing_pct,1073,1.560683250904258
war_rate,no2020,history,pooled,swap_Discipline_Swing_pct,1073,1.5620762614681838
war_rate,no2020,history,pooled,swap_Power_Barrel_pct,1073,1.534946892565073
war_rate,no2020,history,pooled,swap_Power_EV,1073,1.5439692484058447
war_rate,no2020,history,pooled,swap_Power_HR_per_FB,1073,1.5576089360445482
war_rate,no2020,history,pooled,swap_Power_HardHit_pct,1073,1.5340571865716677
war_rate,no2020,history,pooled,swap_Power_SLG,1073,1.5593522047990807
war_rate,no2020,history,pooled,swap_Power_maxEV,1073,1.538450661929438
war_rate,no2020,history,pooled,swap_Speed_Spd,1073,1.567268487007079
war_rate,no2020,history,pooled,swap_Speed_UBR,1073,1.5678898405466666
war_rate,no2020,history,pooled,swap_Speed_wSB,1073,1.561298939329315
war_rate,no2020,standalone,2022->23,B2V,353,1.535796545751926
war_rate,no2020,standalone,2022->23,drop_Contact,353,1.5848635449654547
war_rate,no2020,standalone,2022->23,drop_Defense,353,1.595483454936901
war_rate,no2020,standalone,2022->23,drop_Discipline,353,1.5641063642178816
war_rate,no2020,standalone,2022->23,drop_Power,353,1.6605756004495213
war_rate,no2020,standalone,2022->23,drop_Speed,353,1.5734850429257348
war_rate,no2020,standalone,2022->23,original5,353,1.5464643012927501
war_rate,no2020,standalone,2022->23,selected5,353,1.543477046004211
war_rate,no2020,standalone,2022->23,swap_Contact_AVG,353,1.5557934008588044
war_rate,no2020,standalone,2022->23,swap_Contact_K_pct,353,1.5505664938239243
war_rate,no2020,standalone,2022->23,swap_Contact_SwStr_pct,353,1.5559510609299472
war_rate,no2020,standalone,2022->23,swap_Contact_xBA,353,1.543477046004211
war_rate,no2020,standalone,2022->23,swap_Defense_Fld,353,1.5724162110711772
war_rate,no2020,standalone,2022->23,swap_Discipline_BB_per_K,353,1.5463423366126714
war_rate,no2020,standalone,2022->23,swap_Discipline_O_Swing_pct,353,1.554482995680492
war_rate,no2020,standalone,2022->23,swap_Discipline_Swing_pct,353,1.562835339841929
war_rate,no2020,standalone,2022->23,swap_Power_Barrel_pct,353,1.5329345430339174
war_rate,no2020,standalone,2022->23,swap_Power_EV,353,1.6095271888033176
war_rate,no2020,standalone,2022->23,swap_Power_HR_per_FB,353,1.5793442734956709
war_rate,no2020,standalone,2022->23,swap_Power_HardHit_pct,353,1.5590678160364222
war_rate,no2020,standalone,2022->23,swap_Power_SLG,353,1.5279524709907444
war_rate,no2020,standalone,2022->23,swap_Power_maxEV,353,1.5650027384001324
war_rate,no2020,standalone,2022->23,swap_Speed_Spd,353,1.546369691835174
war_rate,no2020,standalone,2022->23,swap_Speed_UBR,353,1.5521694670468205
war_rate,no2020,standalone,2022->23,swap_Speed_wSB,353,1.576838048802879
war_rate,no2020,standalone,2023->24,B2V,358,1.604929468076794
war_rate,no2020,standalone,2023->24,drop_Contact,358,1.6125101654660396
war_rate,no2020,standalone,2023->24,drop_Defense,358,1.6709266737975688
war_rate,no2020,standalone,2023->24,drop_Discipline,358,1.6175970820597452
war_rate,no2020,standalone,2023->24,drop_Power,358,1.6446818330376323
war_rate,no2020,standalone,2023->24,drop_Speed,358,1.6052469287963553
war_rate,no2020,standalone,2023->24,original5,358,1.5862422904078348
war_rate,no2020,standalone,2023->24,selected5,358,1.5953445681190237
war_rate,no2020,standalone,2023->24,swap_Contact_AVG,358,1.6059679164567255
war_rate,no2020,standalone,2023->24,swap_Contact_K_pct,358,1.5778536782796442
war_rate,no2020,standalone,2023->24,swap_Contact_SwStr_pct,358,1.5979684567992585
war_rate,no2020,standalone,2023->24,swap_Contact_xBA,358,1.5953445681190237
war_rate,no2020,standalone,2023->24,swap_Defense_Fld,358,1.631536748190027
war_rate,no2020,standalone,2023->24,swap_Discipline_BB_per_K,358,1.5904229979274207
war_rate,no2020,standalone,2023->24,swap_Discipline_O_Swing_pct,358,1.6041816421484578
war_rate,no2020,standalone,2023->24,swap_Discipline_Swing_pct,358,1.610393067496349
war_rate,no2020,standalone,2023->24,swap_Power_Barrel_pct,358,1.580407034660611
war_rate,no2020,standalone,2023->24,swap_Power_EV,358,1.5810251403896618
war_rate,no2020,standalone,2023->24,swap_Power_HR_per_FB,358,1.602440269261148
war_rate,no2020,standalone,2023->24,swap_Power_HardHit_pct,358,1.5888509084139393
war_rate,no2020,standalone,2023->24,swap_Power_SLG,358,1.5852863293841544
war_rate,no2020,standalone,2023->24,swap_Power_maxEV,358,1.5973110627680003
war_rate,no2020,standalone,2023->24,swap_Speed_Spd,358,1.5798047453669068
war_rate,no2020,standalone,2023->24,swap_Speed_UBR,358,1.6149007390226
war_rate,no2020,standalone,2023->24,swap_Speed_wSB,358,1.5842661674630591
war_rate,no2020,standalone,2024->25,B2V,362,1.5792319978599347
war_rate,no2020,standalone,2024->25,drop_Contact,362,1.6029729374975312
war_rate,no2020,standalone,2024->25,drop_Defense,362,1.638847843596532
war_rate,no2020,standalone,2024->25,drop_Discipline,362,1.5858680717983908
war_rate,no2020,standalone,2024->25,drop_Power,362,1.6706692282135276
war_rate,no2020,standalone,2024->25,drop_Speed,362,1.5952522869736387
war_rate,no2020,standalone,2024->25,original5,362,1.571813296631407
war_rate,no2020,standalone,2024->25,selected5,362,1.5582248228951048
war_rate,no2020,standalone,2024->25,swap_Contact_AVG,362,1.5679589594945726
war_rate,no2020,standalone,2024->25,swap_Contact_K_pct,362,1.5669740567811172
war_rate,no2020,standalone,2024->25,swap_Contact_SwStr_pct,362,1.5879436701860308
war_rate,no2020,standalone,2024->25,swap_Contact_xBA,362,1.5618385291027466
war_rate,no2020,standalone,2024->25,swap_Defense_Fld,362,1.5976404227279628
war_rate,no2020,standalone,2024->25,swap_Discipline_BB_per_K,362,1.569876291289527
war_rate,no2020,standalone,2024->25,swap_Discipline_O_Swing_pct,362,1.5871903213023415
war_rate,no2020,standalone,2024->25,swap_Discipline_Swing_pct,362,1.5884911286609515
war_rate,no2020,standalone,2024->25,swap_Power_Barrel_pct,362,1.5497591875498855
war_rate,no2020,standalone,2024->25,swap_Power_EV,362,1.6016028236336932
war_rate,no2020,standalone,2024->25,swap_Power_HR_per_FB,362,1.6091491336347046
war_rate,no2020,standalone,2024->25,swap_Power_HardHit_pct,362,1.5950541111477414
war_rate,no2020,standalone,2024->25,swap_Power_SLG,362,1.5582248228951048
war_rate,no2020,standalone,2024->25,swap_Power_maxEV,362,1.604871345492881
war_rate,no2020,standalone,2024->25,swap_Speed_Spd,362,1.577249477248747
war_rate,no2020,standalone,2024->25,swap_Speed_UBR,362,1.5942003797367685
war_rate,no2020,standalone,2024->25,swap_Speed_wSB,362,1.5812427788260832
war_rate,no2020,standalone,pooled,B2V,1073,1.5735162287485727
war_rate,no2020,standalone,pooled,drop_Contact,1073,1.6001972730510288
war_rate,no2020,standalone,pooled,drop_Defense,1073,1.6352845556329916
war_rate,no2020,standalone,pooled,drop_Discipline,1073,1.5892950083292812
war_rate,no2020,standalone,pooled,drop_Power,1073,1.658678046411417
war_rate,no2020,standalone,pooled,drop_Speed,1073,1.5914258607142002
war_rate,no2020,standalone,pooled,original5,1073,1.5682880258181873
war_rate,no2020,standalone,pooled,selected5,1073,1.5657578178137233
war_rate,no2020,standalone,pooled,swap_Contact_AVG,1073,1.5766381434591807
war_rate,no2020,standalone,pooled,swap_Contact_K_pct,1073,1.5652061488338511
war_rate,no2020,standalone,pooled,swap_Contact_SwStr_pct,1073,1.5807633184061034
war_rate,no2020,standalone,pooled,swap_Contact_xBA,1073,1.5669769805790226
war_rate,no2020,standalone,pooled,swap_Defense_Fld,1073,1.6006513619642848
war_rate,no2020,standalone,pooled,swap_Discipline_BB_per_K,1073,1.5689892782191037
war_rate,no2020,standalone,pooled,swap_Discipline_O_Swing_pct,1073,1.5820991814313226
war_rate,no2020,standalone,pooled,swap_Discipline_Swing_pct,1073,1.587358230851033
war_rate,no2020,standalone,pooled,swap_Power_Barrel_pct,1073,1.5544496160228614
war_rate,no2020,standalone,pooled,swap_Power_EV,1073,1.5973441939072386
war_rate,no2020,standalone,pooled,swap_Power_HR_per_FB,1073,1.5971054345901452
war_rate,no2020,standalone,pooled,swap_Power_HardHit_pct,1073,1.5811455288989096
war_rate,no2020,standalone,pooled,swap_Power_SLG,1073,1.5572946077048349
war_rate,no2020,standalone,pooled,swap_Power_maxEV,1073,1.589232762529929
war_rate,no2020,standalone,pooled,swap_Speed_Spd,1073,1.5679430669368273
war_rate,no2020,standalone,pooled,swap_Speed_UBR,1073,1.5872794258176408
war_rate,no2020,standalone,pooled,swap_Speed_wSB,1073,1.5808024278790622
wrc_plus,all,history,2020->21,B2V,279,19.83032156368791
wrc_plus,all,history,2020->21,drop_Contact,279,20.38471942281866
wrc_plus,all,history,2020->21,drop_Defense,279,20.548538317805207
wrc_plus,all,history,2020->21,drop_Discipline,279,20.383461367889325
wrc_plus,all,history,2020->21,drop_Power,279,20.317784743536777
wrc_plus,all,history,2020->21,drop_Speed,279,20.576745942236506
wrc_plus,all,history,2020->21,original5,279,20.374623486327376
wrc_plus,all,history,2020->21,selected5,279,19.61897365577904
wrc_plus,all,history,2020->21,swap_Contact_AVG,279,20.537403316526824
wrc_plus,all,history,2020->21,swap_Contact_K_pct,279,20.38497896020092
wrc_plus,all,history,2020->21,swap_Contact_SwStr_pct,279,20.559706090626666
wrc_plus,all,history,2020->21,swap_Contact_xBA,279,20.429077411110264
wrc_plus,all,history,2020->21,swap_Defense_Fld,279,20.55684953185409
wrc_plus,all,history,2020->21,swap_Discipline_BB_per_K,279,20.563206269756986
wrc_plus,all,history,2020->21,swap_Discipline_O_Swing_pct,279,20.434173800603528
wrc_plus,all,history,2020->21,swap_Discipline_Swing_pct,279,20.43347148853686
wrc_plus,all,history,2020->21,swap_Power_Barrel_pct,279,19.2416104862095
wrc_plus,all,history,2020->21,swap_Power_EV,279,19.53943532525832
wrc_plus,all,history,2020->21,swap_Power_HR_per_FB,279,20.48144662460945
wrc_plus,all,history,2020->21,swap_Power_HardHit_pct,279,19.61897365577904
wrc_plus,all,history,2020->21,swap_Power_SLG,279,20.59786297759593
wrc_plus,all,history,2020->21,swap_Power_maxEV,279,19.90043321283899
wrc_plus,all,history,2020->21,swap_Speed_Spd,279,20.60439806605424
wrc_plus,all,history,2020->21,swap_Speed_UBR,279,20.562984252368164
wrc_plus,all,history,2020->21,swap_Speed_wSB,279,20.583160687705654
wrc_plus,all,history,2021->22,B2V,354,18.864165590002223
wrc_plus,all,history,2021->22,drop_Contact,354,19.313024040898533
wrc_plus,all,history,2021->22,drop_Defense,354,19.265282833796523
wrc_plus,all,history,2021->22,drop_Discipline,354,19.26755475795148
wrc_plus,all,history,2021->22,drop_Power,354,19.04750863591988
wrc_plus,all,history,2021->22,drop_Speed,354,19.28777786467828
wrc_plus,all,history,2021->22,original5,354,19.276609094796324
wrc_plus,all,history,2021->22,selected5,354,18.435440894374175
wrc_plus,all,history,2021->22,swap_Contact_AVG,354,19.39398851974925
wrc_plus,all,history,2021->22,swap_Contact_K_pct,354,19.27044351220961
wrc_plus,all,history,2021->22,swap_Contact_SwStr_pct,354,19.29844844939222
wrc_plus,all,history,2021->22,swap_Contact_xBA,354,19.172296483098197
wrc_plus,all,history,2021->22,swap_Defense_Fld,354,19.21938767662897
wrc_plus,all,history,2021->22,swap_Discipline_BB_per_K,354,19.258094080970434
wrc_plus,all,history,2021->22,swap_Discipline_O_Swing_pct,354,19.26437017744998
wrc_plus,all,history,2021->22,swap_Discipline_Swing_pct,354,19.26753728412458
wrc_plus,all,history,2021->22,swap_Power_Barrel_pct,354,19.12749068936518
wrc_plus,all,history,2021->22,swap_Power_EV,354,18.625738409377405
wrc_plus,all,history,2021->22,swap_Power_HR_per_FB,354,19.013120226507883
wrc_plus,all,history,2021->22,swap_Power_HardHit_pct,354,18.435440894374175
wrc_plus,all,history,2021->22,swap_Power_SLG,354,19.149655471582435
wrc_plus,all,history,2021->22,swap_Power_maxEV,354,18.567365443910326
wrc_plus,all,history,2021->22,swap_Speed_Spd,354,19.28487043872282
wrc_plus,all,history,2021->22,swap_Speed_UBR,354,19.275048338256116
wrc_plus,all,history,2021->22,swap_Speed_wSB,354,19.28744535211416
wrc_plus,all,history,2022->23,B2V,353,18.576422252115446
wrc_plus,all,history,2022->23,drop_Contact,353,18.582642352931526
wrc_plus,all,history,2022->23,drop_Defense,353,18.579928501651523
wrc_plus,all,history,2022->23,drop_Discipline,353,18.66097529130998
wrc_plus,all,history,2022->23,drop_Power,353,18.64746667628936
wrc_plus,all,history,2022->23,drop_Speed,353,18.60134659591123
wrc_plus,all,history,2022->23,original5,353,18.54841233454415
wrc_plus,all,history,2022->23,selected5,353,18.497312297320825
wrc_plus,all,history,2022->23,swap_Contact_AVG,353,18.63780690047073
wrc_plus,all,history,2022->23,swap_Contact_K_pct,353,18.58784758024663
wrc_plus,all,history,2022->23,swap_Contact_SwStr_pct,353,18.58191602339785
wrc_plus,all,history,2022->23,swap_Contact_xBA,353,18.504687884069224
wrc_plus,all,history,2022->23,swap_Defense_Fld,353,18.653896293757942
wrc_plus,all,history,2022->23,swap_Discipline_BB_per_K,353,18.646465581157877
wrc_plus,all,history,2022->23,swap_Discipline_O_Swing_pct,353,18.621859683578148
wrc_plus,all,history,2022->23,swap_Discipline_Swing_pct,353,18.65703920128257
wrc_plus,all,history,2022->23,swap_Power_Barrel_pct,353,18.25072784179591
wrc_plus,all,history,2022->23,swap_Power_EV,353,18.636577508870587
wrc_plus,all,history,2022->23,swap_Power_HR_per_FB,353,18.64916293053803
wrc_plus,all,history,2022->23,swap_Power_HardHit_pct,353,18.497312297320825
wrc_plus,all,history,2022->23,swap_Power_SLG,353,18.619911979552345
wrc_plus,all,history,2022->23,swap_Power_maxEV,353,18.334430141504633
wrc_plus,all,history,2022->23,swap_Speed_Spd,353,18.67243261448982
wrc_plus,all,history,2022->23,swap_Speed_UBR,353,18.554512964385193
wrc_plus,all,history,2022->23,swap_Speed_wSB,353,18.60231956495429
wrc_plus,all,history,2023->24,B2V,358,18.857981750040224
wrc_plus,all,history,2023->24,drop_Contact,358,19.07686487154366
wrc_plus,all,history,2023->24,drop_Defense,358,19.093901432317985
wrc_plus,all,history,2023->24,drop_Discipline,358,19.187952085842962
wrc_plus,all,history,2023->24,drop_Power,358,19.13434828822163
wrc_plus,all,history,2023->24,drop_Speed,358,19.057699910312568
wrc_plus,all,history,2023->24,original5,358,19.029723886672304
wrc_plus,all,history,2023->24,selected5,358,18.476838692243984
wrc_plus,all,history,2023->24,swap_Contact_AVG,358,19.074144091871126
wrc_plus,all,history,2023->24,swap_Contact_K_pct,358,18.999935271521068
wrc_plus,all,history,2023->24,swap_Contact_SwStr_pct,358,19.059039543601013
wrc_plus,all,history,2023->24,swap_Contact_xBA,358,18.93659603876366
wrc_plus,all,history,2023->24,swap_Defense_Fld,358,19.09243590012325
wrc_plus,all,history,2023->24,swap_Discipline_BB_per_K,358,19.093370815114238
wrc_plus,all,history,2023->24,swap_Discipline_O_Swing_pct,358,19.143902410327552
wrc_plus,all,history,2023->24,swap_Discipline_Swing_pct,358,19.174256626486812
wrc_plus,all,history,2023->24,swap_Power_Barrel_pct,358,18.807038947767904
wrc_plus,all,history,2023->24,swap_Power_EV,358,18.41595610451658
wrc_plus,all,history,2023->24,swap_Power_HR_per_FB,358,19.06386549821864
wrc_plus,all,history,2023->24,swap_Power_HardHit_pct,358,18.476838692243984
wrc_plus,all,history,2023->24,swap_Power_SLG,358,19.091414932171187
wrc_plus,all,history,2023->24,swap_Power_maxEV,358,18.754507939208448
wrc_plus,all,history,2023->24,swap_Speed_Spd,358,19.04050953557743
wrc_plus,all,history,2023->24,swap_Speed_UBR,358,19.13155654911214
wrc_plus,all,history,2023->24,swap_Speed_wSB,358,19.041644911814956
wrc_plus,all,history,2024->25,B2V,362,18.279213528436088
wrc_plus,all,history,2024->25,drop_Contact,362,18.666738527785103
wrc_plus,all,history,2024->25,drop_Defense,362,18.46535210132992
wrc_plus,all,history,2024->25,drop_Discipline,362,18.55522429692644
wrc_plus,all,history,2024->25,drop_Power,362,18.72380435534484
wrc_plus,all,history,2024->25,drop_Speed,362,18.487012567423513
wrc_plus,all,history,2024->25,original5,362,18.40386649612825
wrc_plus,all,history,2024->25,selected5,362,18.188935133190384
wrc_plus,all,history,2024->25,swap_Contact_AVG,362,18.711798110733152
wrc_plus,all,history,2024->25,swap_Contact_K_pct,362,18.432266833983853
wrc_plus,all,history,2024->25,swap_Contact_SwStr_pct,362,18.515605135918232
wrc_plus,all,history,2024->25,swap_Contact_xBA,362,18.432405673658383
wrc_plus,all,history,2024->25,swap_Defense_Fld,362,18.45231246115877
wrc_plus,all,history,2024->25,swap_Discipline_BB_per_K,362,18.43480031205317
wrc_plus,all,history,2024->25,swap_Discipline_O_Swing_pct,362,18.513923350006618
wrc_plus,all,history,2024->25,swap_Discipline_Swing_pct,362,18.534758837842546
wrc_plus,all,history,2024->25,swap_Power_Barrel_pct,362,17.97358020291411
wrc_plus,all,history,2024->25,swap_Power_EV,362,18.27856406880972
wrc_plus,all,history,2024->25,swap_Power_HR_per_FB,362,18.615008695069168
wrc_plus,all,history,2024->25,swap_Power_HardHit_pct,362,18.188935133190384
wrc_plus,all,history,2024->25,swap_Power_SLG,362,18.534065001448656
wrc_plus,all,history,2024->25,swap_Power_maxEV,362,18.241684956566758
wrc_plus,all,history,2024->25,swap_Speed_Spd,362,18.441147311353404
wrc_plus,all,history,2024->25,swap_Speed_UBR,362,18.5104310669091
wrc_plus,all,history,2024->25,swap_Speed_wSB,362,18.461465516632387
wrc_plus,all,history,pooled,B2V,1706,18.83721228249398
wrc_plus,all,history,pooled,drop_Contact,1706,19.150467146014158
wrc_plus,all,history,pooled,drop_Defense,1706,19.127632619206256
wrc_plus,all,history,pooled,drop_Discipline,1706,19.156683719816833
wrc_plus,all,history,pooled,drop_Power,1706,19.122010317180962
wrc_plus,all,history,pooled,drop_Speed,1706,19.13834463519107
wrc_plus,all,history,pooled,original5,1706,19.06850524581737
wrc_plus,all,history,pooled,selected5,1706,18.598179213108633
wrc_plus,all,history,pooled,swap_Contact_AVG,1706,19.212642320131092
wrc_plus,all,history,pooled,swap_Contact_K_pct,1706,19.07685448426261
wrc_plus,all,history,pooled,swap_Contact_SwStr_pct,1706,19.14009983730404
wrc_plus,all,history,pooled,swap_Contact_xBA,1706,19.03323130805081
wrc_plus,all,history,pooled,swap_Defense_Fld,1706,19.131699186280244
wrc_plus,all,history,pooled,swap_Discipline_BB_per_K,1706,19.1357131704857
wrc_plus,all,history,pooled,swap_Discipline_O_Swing_pct,1706,19.13821530896156
wrc_plus,all,history,pooled,swap_Discipline_Swing_pct,1706,19.156827757043324
wrc_plus,all,history,pooled,swap_Power_Barrel_pct,1706,18.65264005544988
wrc_plus,all,history,pooled,swap_Power_EV,1706,18.659717580084436
wrc_plus,all,history,pooled,swap_Power_HR_per_FB,1706,19.104114700414456
wrc_plus,all,history,pooled,swap_Power_HardHit_pct,1706,18.598179213108633
wrc_plus,all,history,pooled,swap_Power_SLG,1706,19.134037991039342
wrc_plus,all,history,pooled,swap_Power_maxEV,1706,18.70734224501246
wrc_plus,all,history,pooled,swap_Speed_Spd,1706,19.14363285410233
wrc_plus,all,history,pooled,swap_Speed_UBR,1706,19.144229827306326
wrc_plus,all,history,pooled,swap_Speed_wSB,1706,19.13073604243718
wrc_plus,all,standalone,2020->21,B2V,279,19.877607330399425
wrc_plus,all,standalone,2020->21,drop_Contact,279,21.18398201483842
wrc_plus,all,standalone,2020->21,drop_Defense,279,21.10519967314438
wrc_plus,all,standalone,2020->21,drop_Discipline,279,20.881273561128154
wrc_plus,all,standalone,2020->21,drop_Power,279,22.30953779299793
wrc_plus,all,standalone,2020->21,drop_Speed,279,21.15626857532414
wrc_plus,all,standalone,2020->21,original5,279,21.001322750262027
wrc_plus,all,standalone,2020->21,selected5,279,20.643833852299753
wrc_plus,all,standalone,2020->21,swap_Contact_AVG,279,20.97499265480764
wrc_plus,all,standalone,2020->21,swap_Contact_K_pct,279,21.10955267444217
wrc_plus,all,standalone,2020->21,swap_Contact_SwStr_pct,279,21.034201226460826
wrc_plus,all,standalone,2020->21,swap_Contact_xBA,279,20.435953478449452
wrc_plus,all,standalone,2020->21,swap_Defense_Fld,279,21.128199605923953
wrc_plus,all,standalone,2020->21,swap_Discipline_BB_per_K,279,21.152245660584878
wrc_plus,all,standalone,2020->21,swap_Discipline_O_Swing_pct,279,21.14589714131248
wrc_plus,all,standalone,2020->21,swap_Discipline_Swing_pct,279,20.983183078066553
wrc_plus,all,standalone,2020->21,swap_Power_Barrel_pct,279,19.975136082777826
wrc_plus,all,standalone,2020->21,swap_Power_EV,279,20.76559751393498
wrc_plus,all,standalone,2020->21,swap_Power_HR_per_FB,279,21.058335580235788
wrc_plus,all,standalone,2020->21,swap_Power_HardHit_pct,279,20.643833852299753
wrc_plus,all,standalone,2020->21,swap_Power_SLG,279,21.056597194826377
wrc_plus,all,standalone,2020->21,swap_Power_maxEV,279,21.300673082698385
wrc_plus,all,standalone,2020->21,swap_Speed_Spd,279,21.30646794868912
wrc_plus,all,standalone,2020->21,swap_Speed_UBR,279,20.918151079343346
wrc_plus,all,standalone,2020->21,swap_Speed_wSB,279,21.16432144582115
wrc_plus,all,standalone,2021->22,B2V,354,19.333059243094095
wrc_plus,all,standalone,2021->22,drop_Contact,354,21.109760953614117
wrc_plus,all,standalone,2021->22,drop_Defense,354,20.85331897656339
wrc_plus,all,standalone,2021->22,drop_Discipline,354,21.075159850084763
wrc_plus,all,standalone,2021->22,drop_Power,354,21.933911748815145
wrc_plus,all,standalone,2021->22,drop_Speed,354,20.869448651605293
wrc_plus,all,standalone,2021->22,original5,354,20.85352619206591
wrc_plus,all,standalone,2021->22,selected5,354,20.32350517423858
wrc_plus,all,standalone,2021->22,swap_Contact_AVG,354,20.487705319736385
wrc_plus,all,standalone,2021->22,swap_Contact_K_pct,354,20.703465013614654
wrc_plus,all,standalone,2021->22,swap_Contact_SwStr_pct,354,20.959266779456833
wrc_plus,all,standalone,2021->22,swap_Contact_xBA,354,20.09399000100867
wrc_plus,all,standalone,2021->22,swap_Defense_Fld,354,20.853896955356365
wrc_plus,all,standalone,2021->22,swap_Discipline_BB_per_K,354,20.75125360131363
wrc_plus,all,standalone,2021->22,swap_Discipline_O_Swing_pct,354,21.02794621138008
wrc_plus,all,standalone,2021->22,swap_Discipline_Swing_pct,354,21.061662773676332
wrc_plus,all,standalone,2021->22,swap_Power_Barrel_pct,354,20.32350517423858
wrc_plus,all,standalone,2021->22,swap_Power_EV,354,19.989979865329715
wrc_plus,all,standalone,2021->22,swap_Power_HR_per_FB,354,20.652416313484448
wrc_plus,all,standalone,2021->22,swap_Power_HardHit_pct,354,19.64820360926783
wrc_plus,all,standalone,2021->22,swap_Power_SLG,354,20.28829232219117
wrc_plus,all,standalone,2021->22,swap_Power_maxEV,354,20.500793276677566
wrc_plus,all,standalone,2021->22,swap_Speed_Spd,354,20.876997159299826
wrc_plus,all,standalone,2021->22,swap_Speed_UBR,354,20.820392850642527
wrc_plus,all,standalone,2021->22,swap_Speed_wSB,354,20.873975643073763
wrc_plus,all,standalone,2022->23,B2V,353,18.801976196030385
wrc_plus,all,standalone,2022->23,drop_Contact,353,19.20143254864211
wrc_plus,all,standalone,2022->23,drop_Defense,353,19.089048549753095
wrc_plus,all,standalone,2022->23,drop_Discipline,353,19.19381709083317
wrc_plus,all,standalone,2022->23,drop_Power,353,20.66937255823125
wrc_plus,all,standalone,2022->23,drop_Speed,353,19.02031274793287
wrc_plus,all,standalone,2022->23,original5,353,18.891062756436877
wrc_plus,all,standalone,2022->23,selected5,353,19.42649620693931
wrc_plus,all,standalone,2022->23,swap_Contact_AVG,353,18.70777557272933
wrc_plus,all,standalone,2022->23,swap_Contact_K_pct,353,18.94454386951721
wrc_plus,all,standalone,2022->23,swap_Contact_SwStr_pct,353,19.007912649784085
wrc_plus,all,standalone,2022->23,swap_Contact_xBA,353,18.686504631580135
wrc_plus,all,standalone,2022->23,swap_Defense_Fld,353,19.061808790933416
wrc_plus,all,standalone,2022->23,swap_Discipline_BB_per_K,353,18.898212094397998
wrc_plus,all,standalone,2022->23,swap_Discipline_O_Swing_pct,353,19.050565851988566
wrc_plus,all,standalone,2022->23,swap_Discipline_Swing_pct,353,19.159947622428643
wrc_plus,all,standalone,2022->23,swap_Power_Barrel_pct,353,18.90753635208091
wrc_plus,all,standalone,2022->23,swap_Power_EV,353,19.905816863488752
wrc_plus,all,standalone,2022->23,swap_Power_HR_per_FB,353,19.496963748600443
wrc_plus,all,standalone,2022->23,swap_Power_HardHit_pct,353,19.42649620693931
wrc_plus,all,standalone,2022->23,swap_Power_SLG,353,18.603690377681907
wrc_plus,all,standalone,2022->23,swap_Power_maxEV,353,19.156093025451398
wrc_plus,all,standalone,2022->23,swap_Speed_Spd,353,18.9517936816292
wrc_plus,all,standalone,2022->23,swap_Speed_UBR,353,18.897440963479
wrc_plus,all,standalone,2022->23,swap_Speed_wSB,353,19.012173473113524
wrc_plus,all,standalone,2023->24,B2V,358,19.1172918970229
wrc_plus,all,standalone,2023->24,drop_Contact,358,20.13169207431654
wrc_plus,all,standalone,2023->24,drop_Defense,358,19.971565134479675
wrc_plus,all,standalone,2023->24,drop_Discipline,358,20.38269773491876
wrc_plus,all,standalone,2023->24,drop_Power,358,20.764892689206473
wrc_plus,all,standalone,2023->24,drop_Speed,358,19.78205790280866
wrc_plus,all,standalone,2023->24,original5,358,19.831057672474135
wrc_plus,all,standalone,2023->24,selected5,358,19.457362090600064
wrc_plus,all,standalone,2023->24,swap_Contact_AVG,358,19.811661651590985
wrc_plus,all,standalone,2023->24,swap_Contact_K_pct,358,19.65182550522043
wrc_plus,all,standalone,2023->24,swap_Contact_SwStr_pct,358,20.015529012176902
wrc_plus,all,standalone,2023->24,swap_Contact_xBA,358,19.457362090600064
wrc_plus,all,standalone,2023->24,swap_Defense_Fld,358,19.910551719730986
wrc_plus,all,standalone,2023->24,swap_Discipline_BB_per_K,358,19.698652555383262
wrc_plus,all,standalone,2023->24,swap_Discipline_O_Swing_pct,358,20.228255254309996
wrc_plus,all,standalone,2023->24,swap_Discipline_Swing_pct,358,20.326333619760813
wrc_plus,all,standalone,2023->24,swap_Power_Barrel_pct,358,19.306918417025635
wrc_plus,all,standalone,2023->24,swap_Power_EV,358,18.820080900320004
wrc_plus,all,standalone,2023->24,swap_Power_HR_per_FB,358,20.04272489021263
wrc_plus,all,standalone,2023->24,swap_Power_HardHit_pct,358,18.948768876513792
wrc_plus,all,standalone,2023->24,swap_Power_SLG,358,19.630300763444232
wrc_plus,all,standalone,2023->24,swap_Power_maxEV,358,19.409803273221748
wrc_plus,all,standalone,2023->24,swap_Speed_Spd,358,19.77049231313283
wrc_plus,all,standalone,2023->24,swap_Speed_UBR,358,19.965269887885775
wrc_plus,all,standalone,2023->24,swap_Speed_wSB,358,19.76678789682782
wrc_plus,all,standalone,2024->25,B2V,362,18.353645731532698
wrc_plus,all,standalone,2024->25,drop_Contact,362,19.392777355555058
wrc_plus,all,standalone,2024->25,drop_Defense,362,18.902293832939463
wrc_plus,all,standalone,2024->25,drop_Discipline,362,19.175876080232698
wrc_plus,all,standalone,2024->25,drop_Power,362,20.966052047724176
wrc_plus,all,standalone,2024->25,drop_Speed,362,18.936326887956675
wrc_plus,all,standalone,2024->25,original5,362,18.746550359970414
wrc_plus,all,standalone,2024->25,selected5,362,18.936114109857897
wrc_plus,all,standalone,2024->25,swap_Contact_AVG,362,18.918829950576143
wrc_plus,all,standalone,2024->25,swap_Contact_K_pct,362,18.576379281463502
wrc_plus,all,standalone,2024->25,swap_Contact_SwStr_pct,362,18.97420895105529
wrc_plus,all,standalone,2024->25,swap_Contact_xBA,362,18.49809434477652
wrc_plus,all,standalone,2024->25,swap_Defense_Fld,362,18.87117230697378
wrc_plus,all,standalone,2024->25,swap_Discipline_BB_per_K,362,18.56333185178209
wrc_plus,all,standalone,2024->25,swap_Discipline_O_Swing_pct,362,19.059210616870566
wrc_plus,all,standalone,2024->25,swap_Discipline_Swing_pct,362,19.080962071686784
wrc_plus,all,standalone,2024->25,swap_Power_Barrel_pct,362,17.991760319923078
wrc_plus,all,standalone,2024->25,swap_Power_EV,362,19.03228066026106
wrc_plus,all,standalone,2024->25,swap_Power_HR_per_FB,362,19.51647227314639
wrc_plus,all,standalone,2024->25,swap_Power_HardHit_pct,362,18.936114109857897
wrc_plus,all,standalone,2024->25,swap_Power_SLG,362,18.61834015816185
wrc_plus,all,standalone,2024->25,swap_Power_maxEV,362,19.179647428952002
wrc_plus,all,standalone,2024->25,swap_Speed_Spd,362,18.734904183402598
wrc_plus,all,standalone,2024->25,swap_Speed_UBR,362,18.90302153289691
wrc_plus,all,standalone,2024->25,swap_Speed_wSB,362,18.832966963996093
wrc_plus,all,standalone,pooled,B2V,1706,19.059122666110497
wrc_plus,all,standalone,pooled,drop_Contact,1706,20.157457921867664
wrc_plus,all,standalone,pooled,drop_Defense,1706,19.930428165440432
wrc_plus,all,standalone,pooled,drop_Discipline,1706,20.10584541248184
wrc_plus,all,standalone,pooled,drop_Power,1706,21.282999261661594
wrc_plus,all,standalone,pooled,drop_Speed,1706,19.895358275410214
wrc_plus,all,standalone,pooled,original5,1706,19.809983792140493
wrc_plus,all,standalone,pooled,selected5,1706,19.714133982253838
wrc_plus,all,standalone,pooled,swap_Contact_AVG,1706,19.7243298501932
wrc_plus,all,standalone,pooled,swap_Contact_K_pct,1706,19.73389134096555
wrc_plus,all,standalone,pooled,swap_Contact_SwStr_pct,1706,19.94849869526695
wrc_plus,all,standalone,pooled,swap_Contact_xBA,1706,19.386450994745708
wrc_plus,all,standalone,pooled,swap_Defense_Fld,1706,19.909265888767077
wrc_plus,all,standalone,pooled,swap_Discipline_BB_per_K,1706,19.748260802264372
wrc_plus,all,standalone,pooled,swap_Discipline_O_Swing_pct,1706,20.05251912740728
wrc_plus,all,standalone,pooled,swap_Discipline_Swing_pct,1706,20.08073500422291
wrc_plus,all,standalone,pooled,swap_Power_Barrel_pct,1706,19.265438546405253
wrc_plus,all,standalone,pooled,swap_Power_EV,1706,19.650693137664227
wrc_plus,all,standalone,pooled,swap_Power_HR_per_FB,1706,20.110737209079925
wrc_plus,all,standalone,pooled,swap_Power_HardHit_pct,1706,19.46727986464391
wrc_plus,all,standalone,pooled,swap_Power_SLG,1706,19.572939984350274
wrc_plus,all,standalone,pooled,swap_Power_maxEV,1706,19.844086394545755
wrc_plus,all,standalone,pooled,swap_Speed_Spd,1706,19.862143191198598
wrc_plus,all,standalone,pooled,swap_Speed_UBR,1706,19.85219243560617
wrc_plus,all,standalone,pooled,swap_Speed_wSB,1706,19.87079390684187
wrc_plus,no2020,history,2022->23,B2V,353,18.62714783499717
wrc_plus,no2020,history,2022->23,drop_Contact,353,19.048337819196465
wrc_plus,no2020,history,2022->23,drop_Defense,353,18.98618262159709
wrc_plus,no2020,history,2022->23,drop_Discipline,353,18.84699776134948
wrc_plus,no2020,history,2022->23,drop_Power,353,18.859504274453837
wrc_plus,no2020,history,2022->23,drop_Speed,353,19.038527874592766
wrc_plus,no2020,history,2022->23,original5,353,18.960969279548923
wrc_plus,no2020,history,2022->23,selected5,353,18.494172186056122
wrc_plus,no2020,history,2022->23,swap_Contact_AVG,353,19.100362522355855
wrc_plus,no2020,history,2022->23,swap_Contact_K_pct,353,19.036616173672023
wrc_plus,no2020,history,2022->23,swap_Contact_SwStr_pct,353,19.009809502902456
wrc_plus,no2020,history,2022->23,swap_Contact_xBA,353,18.874047334567503
wrc_plus,no2020,history,2022->23,swap_Defense_Fld,353,19.0784052593491
wrc_plus,no2020,history,2022->23,swap_Discipline_BB_per_K,353,18.9758896991639
wrc_plus,no2020,history,2022->23,swap_Discipline_O_Swing_pct,353,18.88644451965087
wrc_plus,no2020,history,2022->23,swap_Discipline_Swing_pct,353,18.822507950969285
wrc_plus,no2020,history,2022->23,swap_Power_Barrel_pct,353,18.497039587648356
wrc_plus,no2020,history,2022->23,swap_Power_EV,353,18.653325440068866
wrc_plus,no2020,history,2022->23,swap_Power_HR_per_FB,353,18.778513809908212
wrc_plus,no2020,history,2022->23,swap_Power_HardHit_pct,353,18.494172186056122
wrc_plus,no2020,history,2022->23,swap_Power_SLG,353,19.027754426001415
wrc_plus,no2020,history,2022->23,swap_Power_maxEV,353,18.556020038488526
wrc_plus,no2020,history,2022->23,swap_Speed_Spd,353,19.237975261917217
wrc_plus,no2020,history,2022->23,swap_Speed_UBR,353,19.05945304533022
wrc_plus,no2020,history,2022->23,swap_Speed_wSB,353,19.037710777517777
wrc_plus,no2020,history,2023->24,B2V,358,18.773166287695986
wrc_plus,no2020,history,2023->24,drop_Contact,358,19.101627643079485
wrc_plus,no2020,history,2023->24,drop_Defense,358,19.093665293295984
wrc_plus,no2020,history,2023->24,drop_Discipline,358,19.2126824863835
wrc_plus,no2020,history,2023->24,drop_Power,358,19.158235114759048
wrc_plus,no2020,history,2023->24,drop_Speed,358,18.99890532761909
wrc_plus,no2020,history,2023->24,original5,358,18.991987523166163
wrc_plus,no2020,history,2023->24,selected5,358,18.48608276205267
wrc_plus,no2020,history,2023->24,swap_Contact_AVG,358,19.11111202769156
wrc_plus,no2020,history,2023->24,swap_Contact_K_pct,358,18.939707493521173
wrc_plus,no2020,history,2023->24,swap_Contact_SwStr_pct,358,19.039198407562157
wrc_plus,no2020,history,2023->24,swap_Contact_xBA,358,18.911970243395707
wrc_plus,no2020,history,2023->24,swap_Defense_Fld,358,19.032466202477348
wrc_plus,no2020,history,2023->24,swap_Discipline_BB_per_K,358,19.002260616864934
wrc_plus,no2020,history,2023->24,swap_Discipline_O_Swing_pct,358,19.173350961126115
wrc_plus,no2020,history,2023->24,swap_Discipline_Swing_pct,358,19.193321201807624
wrc_plus,no2020,history,2023->24,swap_Power_Barrel_pct,358,18.768272408143396
wrc_plus,no2020,history,2023->24,swap_Power_EV,358,18.431822521994086
wrc_plus,no2020,history,2023->24,swap_Power_HR_per_FB,358,19.107058088259976
wrc_plus,no2020,history,2023->24,swap_Power_HardHit_pct,358,18.48608276205267
wrc_plus,no2020,history,2023->24,swap_Power_SLG,358,19.0972595741668
wrc_plus,no2020,history,2023->24,swap_Power_maxEV,358,18.73642106968039
wrc_plus,no2020,history,2023->24,swap_Speed_Spd,358,19.019357822551672
wrc_plus,no2020,history,2023->24,swap_Speed_UBR,358,19.1223449755948
wrc_plus,no2020,history,2023->24,swap_Speed_wSB,358,18.946762486925184
wrc_plus,no2020,history,2024->25,B2V,362,18.214941434693728
wrc_plus,no2020,history,2024->25,drop_Contact,362,18.634078840099395
wrc_plus,no2020,history,2024->25,drop_Defense,362,18.380802063868163
wrc_plus,no2020,history,2024->25,drop_Discipline,362,18.506806901361475
wrc_plus,no2020,history,2024->25,drop_Power,362,18.672124202460935
wrc_plus,no2020,history,2024->25,drop_Speed,362,18.392598291212405
wrc_plus,no2020,history,2024->25,original5,362,18.332258269997162
wrc_plus,no2020,history,2024->25,selected5,362,18.200192391708907
wrc_plus,no2020,history,2024->25,swap_Contact_AVG,362,18.64128949320881
wrc_plus,no2020,history,2024->25,swap_Contact_K_pct,362,18.36594517983568
wrc_plus,no2020,history,2024->25,swap_Contact_SwStr_pct,362,18.46644670926468
wrc_plus,no2020,history,2024->25,swap_Contact_xBA,362,18.371038774010785
wrc_plus,no2020,history,2024->25,swap_Defense_Fld,362,18.36479190660639
wrc_plus,no2020,history,2024->25,swap_Discipline_BB_per_K,362,18.329874933715505
wrc_plus,no2020,history,2024->25,swap_Discipline_O_Swing_pct,362,18.460950406425596
wrc_plus,no2020,history,2024->25,swap_Discipline_Swing_pct,362,18.483854124520512
wrc_plus,no2020,history,2024->25,swap_Power_Barrel_pct,362,17.988424869388325
wrc_plus,no2020,history,2024->25,swap_Power_EV,362,18.26129282583486
wrc_plus,no2020,history,2024->25,swap_Power_HR_per_FB,362,18.586629140681875
wrc_plus,no2020,history,2024->25,swap_Power_HardHit_pct,362,18.200192391708907
wrc_plus,no2020,history,2024->25,swap_Power_SLG,362,18.387120318622447
wrc_plus,no2020,history,2024->25,swap_Power_maxEV,362,18.24245319945319
wrc_plus,no2020,history,2024->25,swap_Speed_Spd,362,18.340952595074327
wrc_plus,no2020,history,2024->25,swap_Speed_UBR,362,18.44823511491986
wrc_plus,no2020,history,2024->25,swap_Speed_wSB,362,18.35919944007216
wrc_plus,no2020,history,pooled,B2V,1073,18.53679917624258
wrc_plus,no2020,history,pooled,drop_Contact,1073,18.926358328531958
wrc_plus,no2020,history,pooled,drop_Defense,1073,18.81780520740355
wrc_plus,no2020,history,pooled,drop_Discipline,1073,18.854235450302436
wrc_plus,no2020,history,pooled,drop_Power,1073,18.89595726118994
wrc_plus,no2020,history,pooled,drop_Speed,1073,18.80738958847882
wrc_plus,no2020,history,pooled,original5,1073,18.759208930767223
wrc_plus,no2020,history,pooled,selected5,1073,18.39229268992665
wrc_plus,no2020,history,pooled,swap_Contact_AVG,1073,18.94907071094761
wrc_plus,no2020,history,pooled,swap_Contact_K_pct,1073,18.778017658049695
wrc_plus,no2020,history,pooled,swap_Contact_SwStr_pct,1073,18.836299620862658
wrc_plus,no2020,history,pooled,swap_Contact_xBA,1073,18.716999154175117
wrc_plus,no2020,history,pooled,swap_Defense_Fld,1073,18.822324908880372
wrc_plus,no2020,history,pooled,swap_Discipline_BB_per_K,1073,18.766740997807563
wrc_plus,no2020,history,pooled,swap_Discipline_O_Swing_pct,1073,18.838619391095964
wrc_plus,no2020,history,pooled,swap_Discipline_Swing_pct,1073,18.831975293584076
wrc_plus,no2020,history,pooled,swap_Power_Barrel_pct,1073,18.41594249699327
wrc_plus,no2020,history,pooled,swap_Power_EV,1073,18.447161552814922
wrc_plus,no2020,history,pooled,swap_Power_HR_per_FB,1073,18.823394146711564
wrc_plus,no2020,history,pooled,swap_Power_HardHit_pct,1073,18.39229268992665
wrc_plus,no2020,history,pooled,swap_Power_SLG,1073,18.834812483943654
wrc_plus,no2020,history,pooled,swap_Power_maxEV,1073,18.510421132091416
wrc_plus,no2020,history,pooled,swap_Speed_Spd,1073,18.862404666679577
wrc_plus,no2020,history,pooled,swap_Speed_UBR,1073,18.87422883305265
wrc_plus,no2020,history,pooled,swap_Speed_wSB,1073,18.7784557987783
wrc_plus,no2020,standalone,2022->23,B2V,353,18.63811188795384
wrc_plus,no2020,standalone,2022->23,drop_Contact,353,19.252901070560743
wrc_plus,no2020,standalone,2022->23,drop_Defense,353,19.035815278178816
wrc_plus,no2020,standalone,2022->23,drop_Discipline,353,19.216625972288295
wrc_plus,no2020,standalone,2022->23,drop_Power,353,20.532615546999516
wrc_plus,no2020,standalone,2022->23,drop_Speed,353,19.0685450594701
wrc_plus,no2020,standalone,2022->23,original5,353,18.960008341419943
wrc_plus,no2020,standalone,2022->23,selected5,353,19.108011931922867
wrc_plus,no2020,standalone,2022->23,swap_Contact_AVG,353,18.655773951902226
wrc_plus,no2020,standalone,2022->23,swap_Contact_K_pct,353,18.854389984782422
wrc_plus,no2020,standalone,2022->23,swap_Contact_SwStr_pct,353,19.044591884637608
wrc_plus,no2020,standalone,2022->23,swap_Contact_xBA,353,18.59507331728099
wrc_plus,no2020,standalone,2022->23,swap_Defense_Fld,353,19.118618908513543
wrc_plus,no2020,standalone,2022->23,swap_Discipline_BB_per_K,353,18.886747778265818
wrc_plus,no2020,standalone,2022->23,swap_Discipline_O_Swing_pct,353,19.133745920228332
wrc_plus,no2020,standalone,2022->23,swap_Discipline_Swing_pct,353,19.16623359620675
wrc_plus,no2020,standalone,2022->23,swap_Power_Barrel_pct,353,18.725204562221297
wrc_plus,no2020,standalone,2022->23,swap_Power_EV,353,19.748548922930556
wrc_plus,no2020,standalone,2022->23,swap_Power_HR_per_FB,353,19.310118464489562
wrc_plus,no2020,standalone,2022->23,swap_Power_HardHit_pct,353,19.108011931922867
wrc_plus,no2020,standalone,2022->23,swap_Power_SLG,353,18.51802791380974
wrc_plus,no2020,standalone,2022->23,swap_Power_maxEV,353,19.04974575780214
wrc_plus,no2020,standalone,2022->23,swap_Speed_Spd,353,19.044570530283227
wrc_plus,no2020,standalone,2022->23,swap_Speed_UBR,353,19.044537401005826
wrc_plus,no2020,standalone,2022->23,swap_Speed_wSB,353,19.011967216695155
wrc_plus,no2020,standalone,2023->24,B2V,358,19.063059984832112
wrc_plus,no2020,standalone,2023->24,drop_Contact,358,20.13783420232128
wrc_plus,no2020,standalone,2023->24,drop_Defense,358,19.818691195624442
wrc_plus,no2020,standalone,2023->24,drop_Discipline,358,20.29446090020833
wrc_plus,no2020,standalone,2023->24,drop_Power,358,20.756695483566837
wrc_plus,no2020,standalone,2023->24,drop_Speed,358,19.65179317292674
wrc_plus,no2020,standalone,2023->24,original5,358,19.73320310441346
wrc_plus,no2020,standalone,2023->24,selected5,358,19.348057142497296
wrc_plus,no2020,standalone,2023->24,swap_Contact_AVG,358,19.84260599876006
wrc_plus,no2020,standalone,2023->24,swap_Contact_K_pct,358,19.515887488664074
wrc_plus,no2020,standalone,2023->24,swap_Contact_SwStr_pct,358,19.934928882049565
wrc_plus,no2020,standalone,2023->24,swap_Contact_xBA,358,19.348057142497296
wrc_plus,no2020,standalone,2023->24,swap_Defense_Fld,358,19.77946868636756
wrc_plus,no2020,standalone,2023->24,swap_Discipline_BB_per_K,358,19.559018287278008
wrc_plus,no2020,standalone,2023->24,swap_Discipline_O_Swing_pct,358,20.107490260712844
wrc_plus,no2020,standalone,2023->24,swap_Discipline_Swing_pct,358,20.23865113750257
wrc_plus,no2020,standalone,2023->24,swap_Power_Barrel_pct,358,19.19603975352833
wrc_plus,no2020,standalone,2023->24,swap_Power_EV,358,18.89237569510984
wrc_plus,no2020,standalone,2023->24,swap_Power_HR_per_FB,358,19.9515977974917
wrc_plus,no2020,standalone,2023->24,swap_Power_HardHit_pct,358,18.959310611053784
wrc_plus,no2020,standalone,2023->24,swap_Power_SLG,358,19.570274470483
wrc_plus,no2020,standalone,2023->24,swap_Power_maxEV,358,19.47400780764093
wrc_plus,no2020,standalone,2023->24,swap_Speed_Spd,358,19.68098374671474
wrc_plus,no2020,standalone,2023->24,swap_Speed_UBR,358,19.954788670919623
wrc_plus,no2020,standalone,2023->24,swap_Speed_wSB,358,19.629014666660172
wrc_plus,no2020,standalone,2024->25,B2V,362,18.218698833134155
wrc_plus,no2020,standalone,2024->25,drop_Contact,362,19.412036484877422
wrc_plus,no2020,standalone,2024->25,drop_Defense,362,18.840258836577053
wrc_plus,no2020,standalone,2024->25,drop_Discipline,362,19.07086627859832
wrc_plus,no2020,standalone,2024->25,drop_Power,362,20.84617953240516
wrc_plus,no2020,standalone,2024->25,drop_Speed,362,18.78369847563047
wrc_plus,no2020,standalone,2024->25,original5,362,18.644728401701983
wrc_plus,no2020,standalone,2024->25,selected5,362,18.419243356919125
wrc_plus,no2020,standalone,2024->25,swap_Contact_AVG,362,18.82604778663843
wrc_plus,no2020,standalone,2024->25,swap_Contact_K_pct,362,18.505584299169715
wrc_plus,no2020,standalone,2024->25,swap_Contact_SwStr_pct,362,18.90509080026199
wrc_plus,no2020,standalone,2024->25,swap_Contact_xBA,362,18.419243356919125
wrc_plus,no2020,standalone,2024->25,swap_Defense_Fld,362,18.822789477865843
wrc_plus,no2020,standalone,2024->25,swap_Discipline_BB_per_K,362,18.540221069341275
wrc_plus,no2020,standalone,2024->25,swap_Discipline_O_Swing_pct,362,19.007723408488005
wrc_plus,no2020,standalone,2024->25,swap_Discipline_Swing_pct,362,19.013572263435197
wrc_plus,no2020,standalone,2024->25,swap_Power_Barrel_pct,362,17.991428073889278
wrc_plus,no2020,standalone,2024->25,swap_Power_EV,362,19.011649308297383
wrc_plus,no2020,standalone,2024->25,swap_Power_HR_per_FB,362,19.448275982571115
wrc_plus,no2020,standalone,2024->25,swap_Power_HardHit_pct,362,18.9165117882664
wrc_plus,no2020,standalone,2024->25,swap_Power_SLG,362,18.47425499948951
wrc_plus,no2020,standalone,2024->25,swap_Power_maxEV,362,19.04676264025611
wrc_plus,no2020,standalone,2024->25,swap_Speed_Spd,362,18.646525822499694
wrc_plus,no2020,standalone,2024->25,swap_Speed_UBR,362,18.815877078692825
wrc_plus,no2020,standalone,2024->25,swap_Speed_wSB,362,18.716999244454755
wrc_plus,no2020,standalone,pooled,B2V,1073,18.638395105882726
wrc_plus,no2020,standalone,pooled,drop_Contact,1073,19.601841500339788
wrc_plus,no2020,standalone,pooled,drop_Defense,1073,19.231041882638927
wrc_plus,no2020,standalone,pooled,drop_Discipline,1073,19.527063898737133
wrc_plus,no2020,standalone,pooled,drop_Power,1073,20.713166134145784
wrc_plus,no2020,standalone,pooled,drop_Speed,1073,19.1670430662432
wrc_plus,no2020,standalone,pooled,original5,1073,19.111613548292052
wrc_plus,no2020,standalone,pooled,selected5,1073,18.955730441926868
wrc_plus,no2020,standalone,pooled,swap_Contact_AVG,1073,19.109198929488073
wrc_plus,no2020,standalone,pooled,swap_Contact_K_pct,1073,18.95741742951479
wrc_plus,no2020,standalone,pooled,swap_Contact_SwStr_pct,1073,19.29458373228859
wrc_plus,no2020,standalone,pooled,swap_Contact_xBA,1073,18.786981764416538
wrc_plus,no2020,standalone,pooled,swap_Defense_Fld,1073,19.239302940738398
wrc_plus,no2020,standalone,pooled,swap_Discipline_BB_per_K,1073,18.994138433993385
wrc_plus,no2020,standalone,pooled,swap_Discipline_O_Swing_pct,1073,19.416113417566127
wrc_plus,no2020,standalone,pooled,swap_Discipline_Swing_pct,1073,19.4725356253965
wrc_plus,no2020,standalone,pooled,swap_Power_Barrel_pct,1073,18.63474035878395
wrc_plus,no2020,standalone,pooled,swap_Power_EV,1073,19.21428268243007
wrc_plus,no2020,standalone,pooled,swap_Power_HR_per_FB,1073,19.570754645999614
wrc_plus,no2020,standalone,pooled,swap_Power_HardHit_pct,1073,18.993791871461756
wrc_plus,no2020,standalone,pooled,swap_Power_SLG,1073,18.854335902910492
wrc_plus,no2020,standalone,pooled,swap_Power_maxEV,1073,19.190291820514744
wrc_plus,no2020,standalone,pooled,swap_Speed_Spd,1073,19.122616893065
wrc_plus,no2020,standalone,pooled,swap_Speed_UBR,1073,19.271093708509863
wrc_plus,no2020,standalone,pooled,swap_Speed_wSB,1073,19.118327497344225
