target,window,fold,context,model,kind,variant_order,alpha,inner_mae,n_train,n_test
wrc_plus,all,2020->21,standalone,swap_Power_HardHit_pct,swap,2,0.001,24.738859408066524,275,279
wrc_plus,all,2020->21,history,swap_Power_HardHit_pct,swap,2,0.001,24.67400604254349,275,279
wrc_plus,all,2021->22,standalone,swap_Power_Barrel_pct,swap,3,0.001,22.22074468019921,554,354
wrc_plus,all,2021->22,history,swap_Power_HardHit_pct,swap,2,0.001,21.705517527066423,554,354
wrc_plus,all,2022->23,standalone,swap_Power_HardHit_pct,swap,2,0.001,21.333171635780023,908,353
wrc_plus,all,2022->23,history,swap_Power_HardHit_pct,swap,2,0.001,20.396317013246467,908,353
wrc_plus,all,2023->24,standalone,swap_Contact_xBA,swap,9,0.001,20.656585266895476,1261,358
wrc_plus,all,2023->24,history,swap_Power_HardHit_pct,swap,2,19.306977288832496,19.77749724244653,1261,358
wrc_plus,all,2024->25,standalone,swap_Contact_xBA,swap,9,0.001,20.31721591640043,1619,362
wrc_plus,all,2024->25,history,swap_Power_HardHit_pct,swap,2,19.306977288832496,19.466484540317367,1619,362
wrc_plus,no2020,2022->23,standalone,swap_Power_HardHit_pct,swap,2,19.306977288832496,19.494116999799523,354,353
wrc_plus,no2020,2022->23,history,swap_Power_HardHit_pct,swap,2,26.82695795279722,18.405860160792813,354,353
wrc_plus,no2020,2023->24,standalone,swap_Contact_xBA,swap,9,13.89495494373136,19.08854296259037,707,358
wrc_plus,no2020,2023->24,history,swap_Power_HardHit_pct,swap,2,51.794746792312125,18.347848134251294,707,358
wrc_plus,no2020,2024->25,standalone,swap_Contact_xBA,swap,9,0.001,19.118212512963282,1065,362
wrc_plus,no2020,2024->25,history,swap_Power_HardHit_pct,swap,2,37.27593720314938,18.329792558963728,1065,362
war_rate,all,2020->21,standalone,swap_Contact_xBA,swap,9,0.001,1.970077930193932,275,279
war_rate,all,2020->21,history,swap_Contact_AVG,swap,8,5.179474679231207,1.9568744137878753,275,279
war_rate,all,2021->22,standalone,swap_Power_Barrel_pct,swap,3,0.001,1.8258257236590683,554,354
war_rate,all,2021->22,history,swap_Power_Barrel_pct,swap,3,0.001,1.7742371754883561,554,354
war_rate,all,2022->23,standalone,swap_Contact_xBA,swap,9,0.001,1.7613363145206598,908,353
war_rate,all,2022->23,history,swap_Power_HardHit_pct,swap,2,0.001,1.6794768220330432,908,353
war_rate,all,2023->24,standalone,swap_Contact_xBA,swap,9,0.001,1.692147243070282,1261,358
war_rate,all,2023->24,history,swap_Power_HardHit_pct,swap,2,0.001,1.6311359793340778,1261,358
war_rate,all,2024->25,standalone,swap_Contact_xBA,swap,9,0.001,1.6651253522138458,1619,362
war_rate,all,2024->25,history,swap_Power_HardHit_pct,swap,2,0.001,1.607614880886032,1619,362
war_rate,no2020,2022->23,standalone,swap_Contact_xBA,swap,9,0.001,1.6262392698671029,354,353
war_rate,no2020,2022->23,history,swap_Power_maxEV,swap,4,19.306977288832496,1.5361133970065697,354,353
war_rate,no2020,2023->24,standalone,swap_Contact_xBA,swap,9,0.001,1.5827517337887436,707,358
war_rate,no2020,2023->24,history,swap_Power_HardHit_pct,swap,2,0.001,1.5288406605424085,707,358
war_rate,no2020,2024->25,standalone,swap_Power_SLG,swap,1,19.306977288832496,1.5787526068454594,1065,362
war_rate,no2020,2024->25,history,swap_Power_HardHit_pct,swap,2,13.89495494373136,1.5269578016069474,1065,362
