target,window,system,n_test,n_players,raw_projection_mae,calibrated_baseline_mae,plus_B2V_mae,B2V_increment,ci_low,ci_high
wrc_plus,all,Marcel,1706,609,,18.901193017540024,18.625360965018707,0.2758320525213165,0.022996733508649,0.5160261571014023
wrc_plus,all,Steamer,1706,609,19.091918802688504,18.12884189397341,17.98762006583251,0.1412218281408996,-0.0081291361563239,0.2939089742211549
wrc_plus,all,ZiPS,1706,609,19.060502598563435,18.37470659337103,18.17493886512212,0.1997677282489078,0.0287802471512577,0.3688414169104361
wrc_plus,no2020,Marcel,1427,570,,18.9489715164198,18.52964694743387,0.4193245689859246,0.1488421974946865,0.7145784089336247
wrc_plus,no2020,Steamer,1427,570,19.27331160891893,18.21673537694167,18.06932731648021,0.1474080604614585,-0.0205711346901229,0.3226351222384265
wrc_plus,no2020,ZiPS,1427,570,19.20263244812206,18.45591734903544,18.20237766066765,0.253539688367784,0.0672296907130792,0.4571654982583255
war_rate,all,Marcel,1706,609,,1.5737222605400287,1.5663555257406807,0.007366734799348,-0.0095586120421814,0.0235123196022174
war_rate,all,Steamer,1706,609,,1.5404897435496303,1.5209600783291604,0.0195296652204701,-0.0028541590674023,0.0415759036776699
war_rate,all,ZiPS,1706,609,,1.5621728320671675,1.5314279302400722,0.0307449018270955,0.0102815992043206,0.0497127715267219
war_rate,no2020,Marcel,1427,570,,1.5643284732145186,1.5525479965476685,0.0117804766668501,-0.0059543984267752,0.0301128462968801
war_rate,no2020,Steamer,1427,570,,1.5241554291054644,1.507889159781924,0.0162662693235404,-0.0067672422891915,0.0403114555531779
war_rate,no2020,ZiPS,1427,570,,1.544901553930908,1.5195602136470696,0.0253413402838384,0.0050489833525284,0.0457620785151599
