target,window,origin,n_test,n_players,contrast,baseline,candidate,improvement_mae,ci_low,ci_high,excludes_zero,n_boot
war_rate,all,2021,279,279,S1 − S2,S1,S2,0.023592119384441945,-0.046894734783855564,0.09463347974739031,False,2000
war_rate,all,2021,279,279,S2 − S3,S2,S3,-0.01752687836796052,-0.04824771715833314,0.010754134263964599,False,2000
war_rate,all,2021,279,279,R1 − R2,R1,R2,-0.03332275094544679,-0.0965879858180594,0.029121111845073138,False,2000
war_rate,all,2022,354,354,S1 − S2,S1,S2,-0.0072498270842480395,-0.05241939616084473,0.03977384510366698,False,2000
war_rate,all,2022,354,354,S2 − S3,S2,S3,-0.02059070340402136,-0.0503244462124263,0.009556549391511838,False,2000
war_rate,all,2022,354,354,R1 − R2,R1,R2,-0.014668982969417543,-0.04730529041747398,0.019082938335952412,False,2000
war_rate,all,2023,353,353,S1 − S2,S1,S2,0.028337853765979526,-0.01376407089754424,0.07089979020813936,False,2000
war_rate,all,2023,353,353,S2 − S3,S2,S3,0.04682711118553273,0.023338814120191294,0.07063009981413239,True,2000
war_rate,all,2023,353,353,R1 − R2,R1,R2,0.025533719395460563,-0.0013748726290821467,0.05172705262611268,False,2000
war_rate,all,2024,358,358,S1 − S2,S1,S2,0.03367327317466673,-0.01379679275813081,0.08310870871875245,False,2000
war_rate,all,2024,358,358,S2 − S3,S2,S3,0.013647212546282095,-0.014522238090875078,0.04266701429345092,False,2000
war_rate,all,2024,358,358,R1 − R2,R1,R2,0.022648175269065707,-0.01360073330036678,0.058127974168392035,False,2000
war_rate,all,2025,362,362,S1 − S2,S1,S2,0.01855899340755962,-0.023947713426641898,0.06281814106320449,False,2000
war_rate,all,2025,362,362,S2 − S3,S2,S3,0.014163623971427564,-0.012086351978317738,0.041320465939864125,False,2000
war_rate,all,2025,362,362,R1 − R2,R1,R2,0.024330862323304947,-0.010496229952310993,0.05979727879593572,False,2000
war_rate,all,pooled,1706,609,S1 − S2,S1,S2,0.01922181260837852,-0.002741993819042543,0.040649654945780926,False,2000
war_rate,all,pooled,1706,609,S2 − S3,S2,S3,0.008419575702247606,-0.004002004243874558,0.02088864530415528,False,2000
war_rate,all,pooled,1706,609,R1 − R2,R1,R2,0.006705365984177147,-0.010198124540608861,0.023255453888208433,False,2000
war_rate,no2020,2022,354,354,S1 − S2,S1,S2,-0.02968641555287821,-0.0790142543738047,0.021857345064640783,False,2000
war_rate,no2020,2022,354,354,S2 − S3,S2,S3,-0.01367907993513895,-0.035316520651155356,0.00849231173175454,False,2000
war_rate,no2020,2022,354,354,R1 − R2,R1,R2,-0.038407811858268914,-0.0827056294722551,0.004995507389127969,False,2000
war_rate,no2020,2023,353,353,S1 − S2,S1,S2,0.03991224720360309,-0.00025345169357841543,0.07849109016055737,False,2000
war_rate,no2020,2023,353,353,S2 − S3,S2,S3,0.021742675115571375,-0.0019425326401612043,0.0467822284209866,False,2000
war_rate,no2020,2023,353,353,R1 − R2,R1,R2,0.0356254092143129,0.00761573130717007,0.06365236902706865,True,2000
war_rate,no2020,2024,358,358,S1 − S2,S1,S2,0.033494953796828764,-0.014818517177437101,0.08329191782843653,False,2000
war_rate,no2020,2024,358,358,S2 − S3,S2,S3,0.004657703895049048,-0.026541478846230142,0.03569908493937342,False,2000
war_rate,no2020,2024,358,358,R1 − R2,R1,R2,0.01838641680181441,-0.022807278168591554,0.05997782156863881,False,2000
war_rate,no2020,2025,362,362,S1 − S2,S1,S2,0.01687075587633169,-0.02746638990393883,0.06221436878275509,False,2000
war_rate,no2020,2025,362,362,S2 − S3,S2,S3,0.0024211021409548117,-0.03348688883880773,0.04195515478180147,False,2000
war_rate,no2020,2025,362,362,R1 − R2,R1,R2,0.025547104162351397,-0.012256558974619991,0.06595528096258053,False,2000
war_rate,no2020,pooled,1427,570,S1 − S2,S1,S2,0.015191618250630867,-0.00758110372320917,0.038876707178476806,False,2000
war_rate,no2020,pooled,1427,570,S2 − S3,S2,S3,0.0037678114843802124,-0.01071574104916187,0.018390732073024538,False,2000
war_rate,no2020,pooled,1427,570,R1 − R2,R1,R2,0.010378271181952003,-0.0075438396211826245,0.02908895916397956,False,2000
wrc_plus,all,2021,279,279,S1 − S2,S1,S2,0.21504284348187852,-0.19634534370621706,0.6064079958217825,False,2000
wrc_plus,all,2021,279,279,S2 − S3,S2,S3,-0.07690812962740878,-0.5935170914049538,0.44737735198250117,False,2000
wrc_plus,all,2021,279,279,R1 − R2,R1,R2,-0.4953309491068012,-1.4023124582611188,0.4717942370056895,False,2000
wrc_plus,all,2021,279,279,S0 − S1,S0,S1,0.5039322895520257,-0.03705735168041961,1.0479056837897247,False,2000
wrc_plus,all,2022,354,354,S1 − S2,S1,S2,0.06313297822918074,-0.28181967384797685,0.3983128760223567,False,2000
wrc_plus,all,2022,354,354,S2 − S3,S2,S3,-0.2395202997680741,-0.5818133125215332,0.11292203879065313,False,2000
wrc_plus,all,2022,354,354,R1 − R2,R1,R2,0.04484234814596988,-0.41412040654993454,0.5111629196359683,False,2000
wrc_plus,all,2022,354,354,S0 − S1,S0,S1,0.5279193673756879,-0.03838967459123799,1.0911741134859834,False,2000
wrc_plus,all,2023,353,353,S1 − S2,S1,S2,0.01667567158769856,-0.28152589042587894,0.3278812412940732,False,2000
wrc_plus,all,2023,353,353,S2 − S3,S2,S3,0.32307129253600664,0.019914796484919162,0.6259820935270125,True,2000
wrc_plus,all,2023,353,353,R1 − R2,R1,R2,0.28563151695963285,-0.11383400168626635,0.6563666790621692,False,2000
wrc_plus,all,2023,353,353,S0 − S1,S0,S1,1.3573991138757115,0.7450169888381108,1.979380176349886,True,2000
wrc_plus,all,2024,358,358,S1 − S2,S1,S2,0.08001005288052454,-0.25469009300943757,0.4180168536958206,False,2000
wrc_plus,all,2024,358,358,S2 − S3,S2,S3,0.14313670111909715,-0.18287590063251952,0.4759313165365512,False,2000
wrc_plus,all,2024,358,358,R1 − R2,R1,R2,0.5078575497405708,0.03568878755338245,0.964961514412337,True,2000
wrc_plus,all,2024,358,358,S0 − S1,S0,S1,0.5562093799764938,-0.12422814948907517,1.2440747654115665,False,2000
wrc_plus,all,2025,362,362,S1 − S2,S1,S2,0.23883096851111674,-0.08130060945294532,0.558444756132163,False,2000
wrc_plus,all,2025,362,362,S2 − S3,S2,S3,0.1953700401365559,-0.1378407389503871,0.5434158332495506,False,2000
wrc_plus,all,2025,362,362,R1 − R2,R1,R2,0.735109639072629,0.26136838679106134,1.2088881682536712,True,2000
wrc_plus,all,2025,362,362,S0 − S1,S0,S1,1.7603419784591914,1.0637671579953252,2.402331143247843,True,2000
wrc_plus,all,pooled,1706,609,S1 − S2,S1,S2,0.1191869573430715,-0.024362483963068636,0.26538899100104457,False,2000
wrc_plus,all,pooled,1706,609,S2 − S3,S2,S3,0.07606301612622346,-0.07852727967102409,0.24321765225762756,False,2000
wrc_plus,all,pooled,1706,609,R1 − R2,R1,R2,0.2499574877380084,0.010800585343559278,0.48683668314860923,True,2000
wrc_plus,all,pooled,1706,609,S0 − S1,S0,S1,0.9630769087150952,0.7007280683313094,1.2279933488610875,True,2000
wrc_plus,no2020,2022,354,354,S1 − S2,S1,S2,-0.0717559959569698,-0.38345043514322186,0.2412931395266683,False,2000
wrc_plus,no2020,2022,354,354,S2 − S3,S2,S3,0.026425651973411846,-0.362104003276188,0.41740580879208866,False,2000
wrc_plus,no2020,2022,354,354,R1 − R2,R1,R2,-0.21486832645851806,-0.8268353769209345,0.4455384225379482,False,2000
wrc_plus,no2020,2022,354,354,S0 − S1,S0,S1,0.5263894732179857,0.038720898293498694,1.022228701427453,True,2000
wrc_plus,no2020,2023,353,353,S1 − S2,S1,S2,0.12725283672170207,-0.12533620897482703,0.3892181401719566,False,2000
wrc_plus,no2020,2023,353,353,S2 − S3,S2,S3,0.11842422420406962,-0.2385810403893279,0.4664927242134627,False,2000
wrc_plus,no2020,2023,353,353,R1 − R2,R1,R2,0.4315978183090934,-0.020677528052629412,0.8543610441762954,False,2000
wrc_plus,no2020,2023,353,353,S0 − S1,S0,S1,1.3537890359765221,0.7582162230105162,1.9545308574974944,True,2000
wrc_plus,no2020,2024,358,358,S1 − S2,S1,S2,0.10151459495321902,-0.25694861460156027,0.4793672664342164,False,2000
wrc_plus,no2020,2024,358,358,S2 − S3,S2,S3,0.06411241063213424,-0.282025469829858,0.4242215295701394,False,2000
wrc_plus,no2020,2024,358,358,R1 − R2,R1,R2,0.5171732243372951,-0.03474126345874566,1.0672398545565434,False,2000
wrc_plus,no2020,2024,358,358,S0 − S1,S0,S1,0.5594810932658696,-0.1395055000648008,1.2599849230250992,False,2000
wrc_plus,no2020,2025,362,362,S1 − S2,S1,S2,0.31590279151183864,-0.0438669828078929,0.6648603682712584,False,2000
wrc_plus,no2020,2025,362,362,S2 − S3,S2,S3,0.11542850607812483,-0.2815252016556374,0.5152979322063108,False,2000
wrc_plus,no2020,2025,362,362,R1 − R2,R1,R2,0.764091479613235,0.22819550935833693,1.292067527514198,True,2000
wrc_plus,no2020,2025,362,362,S0 − S1,S0,S1,1.7768249956449793,1.0692401721085836,2.434767357124376,True,2000
wrc_plus,no2020,pooled,1427,570,S1 − S2,S1,S2,0.1192835769548175,-0.040602574468456165,0.2867068865438322,False,2000
wrc_plus,no2020,pooled,1427,570,S2 − S3,S2,S3,0.08121639393777969,-0.107126639437742,0.2616965843596336,False,2000
wrc_plus,no2020,pooled,1427,570,R1 − R2,R1,R2,0.37704258740683017,0.11420493385885386,0.6543596287582049,True,2000
wrc_plus,no2020,pooled,1427,570,S0 − S1,S0,S1,1.0565762319772602,0.756979489950552,1.3545176143558542,True,2000
