target,window,contrast,n_origins,positive_origins,negative_origins,signs
war_rate,all,R1 − R2,5,3,2,"2021:-,2022:-,2023:+,2024:+,2025:+"
war_rate,all,S1 − S2,5,4,1,"2021:+,2022:-,2023:+,2024:+,2025:+"
war_rate,all,S2 − S3,5,3,2,"2021:-,2022:-,2023:+,2024:+,2025:+"
war_rate,no2020,R1 − R2,4,3,1,"2022:-,2023:+,2024:+,2025:+"
war_rate,no2020,S1 − S2,4,3,1,"2022:-,2023:+,2024:+,2025:+"
war_rate,no2020,S2 − S3,4,3,1,"2022:-,2023:+,2024:+,2025:+"
wrc_plus,all,R1 − R2,5,4,1,"2021:-,2022:+,2023:+,2024:+,2025:+"
wrc_plus,all,S0 − S1,5,5,0,"2021:+,2022:+,2023:+,2024:+,2025:+"
wrc_plus,all,S1 − S2,5,5,0,"2021:+,2022:+,2023:+,2024:+,2025:+"
wrc_plus,all,S2 − S3,5,3,2,"2021:-,2022:-,2023:+,2024:+,2025:+"
wrc_plus,no2020,R1 − R2,4,3,1,"2022:-,2023:+,2024:+,2025:+"
wrc_plus,no2020,S0 − S1,4,4,0,"2022:+,2023:+,2024:+,2025:+"
wrc_plus,no2020,S1 − S2,4,3,1,"2022:-,2023:+,2024:+,2025:+"
wrc_plus,no2020,S2 − S3,4,4,0,"2022:+,2023:+,2024:+,2025:+"
