target,window,origin,n_train,n_test,train_outcomes
wrc_plus,all,2021,347,279,2019
wrc_plus,all,2022,626,354,"2019,2021"
wrc_plus,all,2023,980,353,"2019,2021,2022"
wrc_plus,all,2024,1333,358,"2019,2021,2022,2023"
wrc_plus,all,2025,1691,362,"2019,2021,2022,2023,2024"
wrc_plus,no2020,2022,347,354,2019
wrc_plus,no2020,2023,701,353,"2019,2022"
wrc_plus,no2020,2024,1054,358,"2019,2022,2023"
wrc_plus,no2020,2025,1412,362,"2019,2022,2023,2024"
war_rate,all,2021,347,279,2019
war_rate,all,2022,626,354,"2019,2021"
war_rate,all,2023,980,353,"2019,2021,2022"
war_rate,all,2024,1333,358,"2019,2021,2022,2023"
war_rate,all,2025,1691,362,"2019,2021,2022,2023,2024"
war_rate,no2020,2022,347,354,2019
war_rate,no2020,2023,701,353,"2019,2022"
war_rate,no2020,2024,1054,358,"2019,2022,2023"
war_rate,no2020,2025,1412,362,"2019,2022,2023,2024"
